STATE,STATE CODE,LGA,WARD,WARD CODE
BORNO,"""01",ABADAM,AREGE,10101
BORNO,"""01",ABADAM,BANOWA,10102
BORNO,"""01",ABADAM,BUSUNA,10103
BORNO,"""01",ABADAM,FOGUWA,10104
BORNO,"""01",ABADAM,JABULLAM,10105
BORNO,"""01",ABADAM,KESSA'A,10106
BORNO,"""01",ABADAM,KUDOKURGO,10107
BORNO,"""01",ABADAM,YAU,10108
BORNO,"""01",ABADAM,YAWA,10109
BORNO,"""01",ABADAM,YITIWA,10110
BORNO,"""01",ASKIRA UBA,ASKIRA EAST,10201
BORNO,"""01",ASKIRA UBA,DILLE HUYIM,10202
BORNO,"""01",ASKIRA UBA,HAUSARI ZADAWA,10203
BORNO,"""01",ASKIRA UBA,HAUSARI TAMPUL,10204
BORNO,"""01",ASKIRA UBA,LASSA,10205
BORNO,"""01",ASKIRA UBA,MUSSA,10206
BORNO,"""01",ASKIRA UBA,NGOHI,10207
BORNO,"""01",ASKIRA UBA,NGULDE,10208
BORNO,"""01",ASKIRA UBA,NGURTHLAVU KOPA,10209
BORNO,"""01",ASKIRA UBA,RUMIRGU CHUL,10210
BORNO,"""01",ASKIRA UBA,UBA,10211
BORNO,"""01",ASKIRA UBA,UVU UDA,10212
BORNO,"""01",ASKIRA UBA,WAMDEO GIWI,10213
BORNO,"""01",BAMA,ABBARAM,10301
BORNO,"""01",BAMA,AMCHAKA,10302
BORNO,"""01",BAMA,ANDARA,10303
BORNO,"""01",BAMA,BANKI,10304
BORNO,"""01",BAMA,BOGOMARI,10305
BORNO,"""01",BAMA,DIPCHARI,10306
BORNO,"""01",BAMA,GONIRI,10307
BORNO,"""01",BAMA,GULUMBA,10308
BORNO,"""01",BAMA,KASUGULA,10309
BORNO,"""01",BAMA,KUMSHE,10310
BORNO,"""01",BAMA,SHEHURI,10311
BORNO,"""01",BAMA,SOYE,10312
BORNO,"""01",BAMA,YABIRI,10313
BORNO,"""01",BAMA,ZAGERI,10314
BORNO,"""01",BAYO,BALBAYA,10401
BORNO,"""01",BAYO,BRIYEL,10402
BORNO,"""01",BAYO,FIKAYEL,10403
BORNO,"""01",BAYO,GAMAD,10404
BORNO,"""01",BAYO,GARAD,10405
BORNO,"""01",BAYO,GARAG,10406
BORNO,"""01",BAYO,LIMANTI,10407
BORNO,"""01",BAYO,TELLI,10408
BORNO,"""01",BAYO,WUYO,10409
BORNO,"""01",BAYO,ZARA,10410
BORNO,"""01",BIU,BURATAI,10501
BORNO,"""01",BIU,DUGJA,10502
BORNO,"""01",BIU,GALDIMARE,10503
BORNO,"""01",BIU,GARUBULA,10504
BORNO,"""01",BIU,GUNDA,10505
BORNO,"""01",BIU,GUR,10506
BORNO,"""01",BIU,MANDARAGIRAU,10507
BORNO,"""01",BIU,MIRINGA,10508
BORNO,"""01",BIU,SULUMTHLA,10509
BORNO,"""01",BIU,YAWI,10510
BORNO,"""01",BIU,ZARAWUYAKU,10511
BORNO,"""01",CHIBOK,GARU,10601
BORNO,"""01",CHIBOK,GATAMARWA,10602
BORNO,"""01",CHIBOK,KAUTIKARI,10603
BORNO,"""01",CHIBOK,KUBURMBULA,10604
BORNO,"""01",CHIBOK,KORONGILUM,10605
BORNO,"""01",CHIBOK,LIKAMA,10606
BORNO,"""01",CHIBOK,MBALALA,10607
BORNO,"""01",CHIBOK,MBOKURA,10608
BORNO,"""01",CHIBOK,PEMI,10609
BORNO,"""01",CHIBOK,SHIRARKIR,10610
BORNO,"""01",CHIBOK,WHUNTAKU,10611
BORNO,"""01",DAMBOA,AZIR MULTE,10701
BORNO,"""01",DAMBOA,BEGO,10702
BORNO,"""01",DAMBOA,DAMBOA CENTRAL,10703
BORNO,"""01",DAMBOA,FA MAFI,10704
BORNO,"""01",DAMBOA,MULGO KOPCHI,10705
BORNO,"""01",DAMBOA,NZUDA WUYARAM,10706
BORNO,"""01",DAMBOA,WAWA KORODE,10707
BORNO,"""01",DAMBOA,AJIGIN A',10708
BORNO,"""01",DAMBOA,AJIGIN B',10709
BORNO,"""01",DAMBOA,GUMSURI,10710
BORNO,"""01",DIKWA,AFUYE,10801
BORNO,"""01",DIKWA,BOBOSHE,10802
BORNO,"""01",DIKWA,DIKWA,10803
BORNO,"""01",DIKWA,GAJIBO,10804
BORNO,"""01",DIKWA,MARGATA,10805
BORNO,"""01",DIKWA,M. MAJA,10806
BORNO,"""01",DIKWA,M. KAZA,10807
BORNO,"""01",DIKWA,MULIYE,10808
BORNO,"""01",DIKWA,NGUDORAM,10809
BORNO,"""01",DIKWA,UFAYE,10810
BORNO,"""01",GUBIO,ARDIMINI,10901
BORNO,"""01",GUBIO,DABIRA,10902
BORNO,"""01",GUBIO,FELO,10903
BORNO,"""01",GUBIO,GAMAWU,10904
BORNO,"""01",GUBIO,GAZABURE,10905
BORNO,"""01",GUBIO,GUBIO 1,10906
BORNO,"""01",GUBIO,GUBIO 2,10907
BORNO,"""01",GUBIO,KINGOWA,10908
BORNO,"""01",GUBIO,NGETRA,10909
BORNO,"""01",GUBIO,ZOWO,10910
BORNO,"""01",GUZAMALA,ADUWA,11001
BORNO,"""01",GUZAMALA,GUDUMBALI WEST,11002
BORNO,"""01",GUZAMALA,GUZAMALA EAST,11003
BORNO,"""01",GUZAMALA,GUZAMALA WEST,11004
BORNO,"""01",GUZAMALA,KINGARAWA ,11005
BORNO,"""01",GUZAMALA,MAIRARI,11006
BORNO,"""01",GUZAMALA,WAMIRI,11007
BORNO,"""01",GUZAMALA,GUWORAM,11008
BORNO,"""01",GUZAMALA,MODURI,11009
BORNO,"""01",GUZAMALA,GUDUMBALI EAST,11010
BORNO,"""01",GWOZA,ASHIGASHIYA,11101
BORNO,"""01",GWOZA,BITA/IZGE,11102
BORNO,"""01",GWOZA,BULABULIN,11103
BORNO,"""01",GWOZA,CHIKIDE,11104
BORNO,"""01",GWOZA,GAVA/AGAPALAWA,11105
BORNO,"""01",GWOZA,GUDUF A&B,11106
BORNO,"""01",GWOZA,HAMBAGDA,11107
BORNO,"""01",GWOZA,HAUSARI,11108
BORNO,"""01",GWOZA,KIRAWA,11109
BORNO,"""01",GWOZA,KURANABASA,11110
BORNO,"""01",GWOZA,NGOSHE,11111
BORNO,"""01",GWOZA,PULKA/BOKKO,11112
BORNO,"""01",GWOZA,WALA/WARABE,11113
BORNO,"""01",HAWUL,BILINGWI,11201
BORNO,"""01",HAWUL,GRIRMDAM CHOBA,11202
BORNO,"""01",HAWUL,GWANGANG CHATA,11203
BORNO,"""01",HAWUL,HIZHIBWALA,11204
BORNO,"""01",HAWUL,KIDDA,11205
BORNO,"""01",HAWUL,KWAJAFFA HARANG,11206
BORNO,"""01",HAWUL,KWAYABURA,11207
BORNO,"""01",HAWUL,MARAMA KIDANG,11208
BORNO,"""01",HAWUL,PAMA WHITAMBAYA,11209
BORNO,"""01",HAWUL,PUBA VIDAU,11210
BORNO,"""01",HAWUL,SAKWA HEMA,11211
BORNO,"""01",HAWUL,SHAFFA,11212
BORNO,"""01",JERE,GALTIMARI B,11301
BORNO,"""01",JERE,ALAU,11302
BORNO,"""01",JERE,GOMARI,11303
BORNO,"""01",JERE,TUBA,11304
BORNO,"""01",JERE,MASHAMARI,11305
BORNO,"""01",JERE,GALTIMARI,11306
BORNO,"""01",JERE,DUSUMA,11307
BORNO,"""01",JERE,KHADAMMARI,11308
BORNO,"""01",JERE,MAIRI,11309
BORNO,"""01",JERE,GONGULONG,11310
BORNO,"""01",JERE,OLD MAIDUGURI,11311
BORNO,"""01",JERE,DALA,11312
BORNO,"""01",KAGA,BENISHEIKH,11401
BORNO,"""01",KAGA,BORGOZO,11402
BORNO,"""01",KAGA,DONGO,11403
BORNO,"""01",KAGA,FAI,11404
BORNO,"""01",KAGA,DOGOMA,11405
BORNO,"""01",KAGA,MARGUBA,11406
BORNO,"""01",KAGA,GALANGI,11407
BORNO,"""01",KAGA,GUWO,11408
BORNO,"""01",KAGA,KARAGAWARU,11409
BORNO,"""01",KAGA,MAINOK,11410
BORNO,"""01",KAGA,NGAMDU,11411
BORNO,"""01",KAGA,SHETTIMARI,11412
BORNO,"""01",KAGA,TOBOLO,11413
BORNO,"""01",KAGA,WASSARAM,11414
BORNO,"""01",KAGA,WAJIRO,11415
BORNO,"""01",KALABAGE,JARAWA,11501
BORNO,"""01",KALABAGE,JILBE,11502
BORNO,"""01",KALABAGE,KALA,11503
BORNO,"""01",KALABAGE,K/KUMAGA,11504
BORNO,"""01",KALABAGE,K/KAUDI,11505
BORNO,"""01",KALABAGE,DAIMA,11506
BORNO,"""01",KALABAGE,MOHOLO,11507
BORNO,"""01",KALABAGE,RANN,11508
BORNO,"""01",KALABAGE,SIGAL,11509
BORNO,"""01",KALABAGE,MADA,11510
BORNO,"""01",KONDUGA,AJIRI,11601
BORNO,"""01",KONDUGA,AUNO,11602
BORNO,"""01",KONDUGA,DALORI,11603
BORNO,"""01",KONDUGA,DALWA,11604
BORNO,"""01",KONDUGA,JAKANA,11605
BORNO,"""01",KONDUGA,KAWURI,11606
BORNO,"""01",KONDUGA,KONDUGA,11607
BORNO,"""01",KONDUGA,MALARI,11608
BORNO,"""01",KONDUGA,YABAL,11609
BORNO,"""01",KONDUGA,YAJIWA,11610
BORNO,"""01",KONDUGA,YALE,11611
BORNO,"""01",KUKAWA,ALARGANO,11701
BORNO,"""01",KUKAWA,BAGA,11702
BORNO,"""01",KUKAWA,BARWATI,11703
BORNO,"""01",KUKAWA,BUNDUR,11704
BORNO,"""01",KUKAWA,DOGOSHI,11705
BORNO,"""01",KUKAWA,DORO,11706
BORNO,"""01",KUKAWA,KAUWA,11707
BORNO,"""01",KUKAWA,KEKENO,11708
BORNO,"""01",KUKAWA,KUKAWA,11709
BORNO,"""01",KUKAWA,YOYO,11710
BORNO,"""01",KWAYA KUSAR,BILA GUSI,11801
BORNO,"""01",KWAYA KUSAR,GONDI,11802
BORNO,"""01",KWAYA KUSAR,GUWAL,11803
BORNO,"""01",KWAYA KUSAR,KUBUKU,11804
BORNO,"""01",KWAYA KUSAR,KURBA GAYI,11805
BORNO,"""01",KWAYA KUSAR,KWAYA KUSAR,11806
BORNO,"""01",KWAYA KUSAR,PETA,11807
BORNO,"""01",KWAYA KUSAR,WADA,11808
BORNO,"""01",KWAYA KUSAR,WAWA,11809
BORNO,"""01",KWAYA KUSAR,YIMIRDALANG,11810
BORNO,"""01",MAFA,AJIRI,11901
BORNO,"""01",MAFA,GAWA,11902
BORNO,"""01",MAFA,KOSHEBE,11903
BORNO,"""01",MAFA,LAJE,11904
BORNO,"""01",MAFA,LIMANTI,11905
BORNO,"""01",MAFA,LOSKURI,11906
BORNO,"""01",MAFA,MA'AFA,11907
BORNO,"""01",MAFA,MAFA,11908
BORNO,"""01",MAFA,MASU,11909
BORNO,"""01",MAFA,MUJIGINE,11910
BORNO,"""01",MAFA,TAMSU NGAMDUA,11911
BORNO,"""01",MAFA,ZANGEBE,11912
BORNO,"""01",MAGUMERI,ARDORAM,12001
BORNO,"""01",MAGUMERI,AYI YASKU,12002
BORNO,"""01",MAGUMERI,BORNO YESU,12003
BORNO,"""01",MAGUMERI,FURRAM,12004
BORNO,"""01",MAGUMERI,GAJIGANA,12005
BORNO,"""01",MAGUMERI,HOYO  CHINGOWA,12006
BORNO,"""01",MAGUMERI,KALIZORAM,12007
BORNO,"""01",MAGUMERI,KARARAM,12008
BORNO,"""01",MAGUMERI,KUPTI,12009
BORNO,"""01",MAGUMERI,NGAMMA,12010
BORNO,"""01",MAGUMERI,NGUBALA BAMMA,12011
BORNO,"""01",MAGUMERI,TITIWA,12012
BORNO,"""01",MARTE,ALA,12101
BORNO,"""01",MARTE,A LAWANT,12102
BORNO,"""01",MARTE,BADAIRI,12103
BORNO,"""01",MARTE,BORSORI,12104
BORNO,"""01",MARTE,GUMNA,12105
BORNO,"""01",MARTE,KABULAWA,12106
BORNO,"""01",MARTE,KIRENOWA,12107
BORNO,"""01",MARTE,KULLI,12108
BORNO,"""01",MARTE,MARTE,12109
BORNO,"""01",MARTE,MUSUNE,12110
BORNO,"""01",MARTE,MUWALLI,12111
BORNO,"""01",MARTE,NJINE,12112
BORNO,"""01",MARTE,Z/NGALORI,12113
BORNO,"""01",MOBBAR,ASAGA,12201
BORNO,"""01",MOBBAR,BOGUM,12202
BORNO,"""01",MOBBAR,CHAMBA,12203
BORNO,"""01",MOBBAR,DAMASAK,12204
BORNO,"""01",MOBBAR,DUJI,12205
BORNO,"""01",MOBBAR,GASHIGAR,12206
BORNO,"""01",MOBBAR,KARETO,12207
BORNO,"""01",MOBBAR,LAYI,12208
BORNO,"""01",MOBBAR,Z.UMARTI,12209
BORNO,"""01",MOBBAR,ZARI,12210
BORNO,"""01",MONGONU,DAMAKULI,12301
BORNO,"""01",MONGONU,KAGURAM,12302
BORNO,"""01",MONGONU,KUMALIA,12303
BORNO,"""01",MONGONU,MANDALA,12304
BORNO,"""01",MONGONU,MINTAR,12305
BORNO,"""01",MONGONU,MOFIO,12306
BORNO,"""01",MONGONU,MONGONU,12307
BORNO,"""01",MONGONU,NGURNO,12308
BORNO,"""01",MONGONU,SURE,12309
BORNO,"""01",MONGONU,WULO,12310
BORNO,"""01",MONGONU,YELE,12311
BORNO,"""01",MONGONU,ZULUM,12312
BORNO,"""01",MMC,BOLORI I,12401
BORNO,"""01",MMC,BOLORI II,12402
BORNO,"""01",MMC,BULABULIN,12403
BORNO,"""01",MMC,FEZZAN,12404
BORNO,"""01",MMC,GAMBORU,12405
BORNO,"""01",MMC,HAUSARI,12406
BORNO,"""01",MMC,GWANGE I,12407
BORNO,"""01",MMC,GWANGE II,12408
BORNO,"""01",MMC,GWANGE III,12409
BORNO,"""01",MMC,LAMISULA,12410
BORNO,"""01",MMC,LIMANTI,12411
BORNO,"""01",MMC,MAFONI,12412
BORNO,"""01",MMC,MAISANDARI,12413
BORNO,"""01",MMC,SHEHURI NORTH,12414
BORNO,"""01",MMC,SHEHURI SOUTH,12415
BORNO,"""01",NGALA,FUYE,12501
BORNO,"""01",NGALA,GAMBORU A,12502
BORNO,"""01",NGALA,GAMBORU B,12503
BORNO,"""01",NGALA,GAMBORU C,12504
BORNO,"""01",NGALA,LOGUMANE,12505
BORNO,"""01",NGALA,NDUFU,12506
BORNO,"""01",NGALA,NGALA,12507
BORNO,"""01",NGALA,SHEHURI,12508
BORNO,"""01",NGALA,WARSHELE,12509
BORNO,"""01",NGALA,WULGO,12510
BORNO,"""01",NGALA,WURGE,12511
BORNO,"""01",NGANZAI,ALARGE,12601
BORNO,"""01",NGANZAI,BADU,12602
BORNO,"""01",NGANZAI,DAMARAM,12603
BORNO,"""01",NGANZAI,GADAI,12604
BORNO,"""01",NGANZAI,GAJIRAM,12605
BORNO,"""01",NGANZAI,JIGALTA,12606
BORNO,"""01",NGANZAI,KUDA,12607
BORNO,"""01",NGANZAI,KURNAWA,12608
BORNO,"""01",NGANZAI,MAIWA,12609
BORNO,"""01",NGANZAI,MIYE,12610
BORNO,"""01",NGANZAI,SABSABUWA,12611
BORNO,"""01",NGANZAI,SUGUNDARE,12612
BORNO,"""01",SHANI,BARGU,12701
BORNO,"""01",SHANI,BUMA,12702
BORNO,"""01",SHANI,GASI,12703
BORNO,"""01",SHANI,GORA,12704
BORNO,"""01",SHANI,GWASKARA,12705
BORNO,"""01",SHANI,GWALASHO,12706
BORNO,"""01",SHANI,KUBO,12707
BORNO,"""01",SHANI,LAKUNDUM,12708
BORNO,"""01",SHANI,KOMBO,12709
BORNO,"""01",SHANI,SHANI,12710
BORNO,"""01",SHANI,WALAMA,12711
JIGAWA,"""02",AUYO,AUYAKAYI,20101
JIGAWA,"""02",AUYO,AUYO,20102
JIGAWA,"""02",AUYO,AYAMA,20104
JIGAWA,"""02",AUYO,AYAN,20103
JIGAWA,"""02",AUYO,GAMAFOI,20106
JIGAWA,"""02",AUYO,GAMSARKA,20105
JIGAWA,"""02",AUYO,GATAFA,20107
JIGAWA,"""02",AUYO,KAFUR,20109
JIGAWA,"""02",AUYO,TSIRDIR,20108
JIGAWA,"""02",AUYO,UNIK,20110
JIGAWA,"""02",BABURA,BABURA,20201
JIGAWA,"""02",BABURA,BATALI,20202
JIGAWA,"""02",BABURA,DURAWA,20203
JIGAWA,"""02",BABURA,GARU,20204
JIGAWA,"""02",BABURA,GASAKOLI,20205
JIGAWA,"""02",BABURA,INSHARUWA,20206
JIGAWA,"""02",BABURA,JIGAWA,20207
JIGAWA,"""02",BABURA,KANYA,20208
JIGAWA,"""02",BABURA,KUZUNZUMI,20210
JIGAWA,"""02",BABURA,KYAMBO,20209
JIGAWA,"""02",BABURA,TAWASA,20211
JIGAWA,"""02",BIRNIN KUDU,B/KUDU,20401
JIGAWA,"""02",BIRNIN KUDU,KANGIRE,20402
JIGAWA,"""02",BIRNIN KUDU,KANTOGA,20403
JIGAWA,"""02",BIRNIN KUDU,KIYAKO,20404
JIGAWA,"""02",BIRNIN KUDU,KWANGWARA,20405
JIGAWA,"""02",BIRNIN KUDU,LAFIYA,20406
JIGAWA,"""02",BIRNIN KUDU,SUNDIMINA,20407
JIGAWA,"""02",BIRNIN KUDU,SURKO,20408
JIGAWA,"""02",BIRNIN KUDU,UNG YA,20409
JIGAWA,"""02",BIRNIN KUDU,WURNO,20410
JIGAWA,"""02",BIRNIN KUDU,Y/DAMAI,20411
JIGAWA,"""02",BIRNIWA,BATALI,20301
JIGAWA,"""02",BIRNIWA,BIRNIWA,20302
JIGAWA,"""02",BIRNIWA,DANGWALERI,20303
JIGAWA,"""02",BIRNIWA,DIGINSA,20304
JIGAWA,"""02",BIRNIWA,FAGI,20305
JIGAWA,"""02",BIRNIWA,KACHALLARI,20306
JIGAWA,"""02",BIRNIWA,KARANGA,20307
JIGAWA,"""02",BIRNIWA,KAZURA,20308
JIGAWA,"""02",BIRNIWA,MACHINAMARI,20309
JIGAWA,"""02",BIRNIWA,MATAMU,20310
JIGAWA,"""02",BIRNIWA,N.GUWA,20311
JIGAWA,"""02",BUJI,AHOTO,20501
JIGAWA,"""02",BUJI,BUJI,20502
JIGAWA,"""02",BUJI,CHIRBIN,20503
JIGAWA,"""02",BUJI,FALGERI,20504
JIGAWA,"""02",BUJI,GANTSA,20505
JIGAWA,"""02",BUJI,KAWAYA,20506
JIGAWA,"""02",BUJI,KUKUMA,20507
JIGAWA,"""02",BUJI,L.KUDU,20508
JIGAWA,"""02",BUJI,MADABE,20509
JIGAWA,"""02",BUJI,Y.TUKUR,20510
JIGAWA,"""02",DUTSE,ABAYA ,20601
JIGAWA,"""02",DUTSE,CHAMO,20602
JIGAWA,"""02",DUTSE,DUNDUBUS,20603
JIGAWA,"""02",DUTSE,DURU,20604
JIGAWA,"""02",DUTSE,J/TSADA,20605
JIGAWA,"""02",DUTSE,KACHI,20606
JIGAWA,"""02",DUTSE,KARKARYA,20607
JIGAWA,"""02",DUTSE,KUDAI,20608
JIGAWA,"""02",DUTSE,LIMAWA,20609
JIGAWA,"""02",DUTSE,MADOBI,20610
JIGAWA,"""02",DUTSE,SAKWAYA,20611
JIGAWA,"""02",GAGARAWA,GAGARAWA TASHA,20701
JIGAWA,"""02",GAGARAWA,GARIN CHIROMA,20702
JIGAWA,"""02",GAGARAWA,KORE BALATU,20703
JIGAWA,"""02",GAGARAWA,MADAKA,20704
JIGAWA,"""02",GAGARAWA,MAIADUWA,20705
JIGAWA,"""02",GAGARAWA,MAIKILILI,20706
JIGAWA,"""02",GAGARAWA,MEDU,20707
JIGAWA,"""02",GAGARAWA,YALAWA,20708
JIGAWA,"""02",GAGARAWA,ZARADA,20709
JIGAWA,"""02",GARKI,BUDURU,20801
JIGAWA,"""02",GARKI,DOKO,20802
JIGAWA,"""02",GARKI,GARKI,20803
JIGAWA,"""02",GARKI,GWARZO,20804
JIGAWA,"""02",GARKI,JIRIMA,20805
JIGAWA,"""02",GARKI,KANYA,20806
JIGAWA,"""02",GARKI,KARGO,20807
JIGAWA,"""02",GARKI,KORE,20808
JIGAWA,"""02",GARKI,MUKU,20809
JIGAWA,"""02",GARKI,RAFIN-MARKE,20810
JIGAWA,"""02",GARKI,SAYORI,20811
JIGAWA,"""02",GUMEL,A.BARKA,20901
JIGAWA,"""02",GUMEL,BEKARYA,20902
JIGAWA,"""02",GUMEL,D/AMA,20903
JIGAWA,"""02",GUMEL,D/TANOMA,20904
JIGAWA,"""02",GUMEL,G/GAMBO,20906
JIGAWA,"""02",GUMEL,GALAGAMA,20905
JIGAWA,"""02",GUMEL,GUSAU,20907
JIGAWA,"""02",GUMEL,HAMMADO,20908
JIGAWA,"""02",GUMEL,K/AREWA,20909
JIGAWA,"""02",GUMEL,K/YAMMA,20910
JIGAWA,"""02",GUMEL,ZANGO,20911
JIGAWA,"""02",GURI,ABUNABU,21001
JIGAWA,"""02",GURI,ADIYANI,21006
JIGAWA,"""02",GURI,DAWA,21005
JIGAWA,"""02",GURI,GARBAGAL,21009
JIGAWA,"""02",GURI,GURI,21002
JIGAWA,"""02",GURI,KADIRA,21004
JIGAWA,"""02",GURI,LAFIYA,21003
JIGAWA,"""02",GURI,MARGADU,21010
JIGAWA,"""02",GURI,MATARA BABBA,21007
JIGAWA,"""02",GURI,MUSARI,21008
JIGAWA,"""02",GWARAM,BASIRKA,21101
JIGAWA,"""02",GWARAM,DINGAYA,21102
JIGAWA,"""02",GWARAM,FAGAM,21103
JIGAWA,"""02",GWARAM,FARIN DUTSE,21104
JIGAWA,"""02",GWARAM,GWARAM,21105
JIGAWA,"""02",GWARAM,KILA,21106
JIGAWA,"""02",GWARAM,KONDIKO,21107
JIGAWA,"""02",GWARAM,MARUTA,21108
JIGAWA,"""02",GWARAM,SARA,21109
JIGAWA,"""02",GWARAM,TSANGARWA,21110
JIGAWA,"""02",GWARAM,Z/NAGOGO,21111
JIGAWA,"""02",GWIWA,BUNTUSU,21201
JIGAWA,"""02",GWIWA,DABI,21202
JIGAWA,"""02",GWIWA,DARINA,21203
JIGAWA,"""02",GWIWA,FIRJI,21204
JIGAWA,"""02",GWIWA,GUNTAI,21205
JIGAWA,"""02",GWIWA,GWIWA,21206
JIGAWA,"""02",GWIWA,KORAYEL,21207
JIGAWA,"""02",GWIWA,RORAU,21209
JIGAWA,"""02",GWIWA,SHAFE,21208
JIGAWA,"""02",GWIWA,YOLA,21210
JIGAWA,"""02",GWIWA,ZAUMA,21211
JIGAWA,"""02",HADEJIA,ATAFI,21301
JIGAWA,"""02",HADEJIA,DUBAMTU,21302
JIGAWA,"""02",HADEJIA,G/MARI,21303
JIGAWA,"""02",HADEJIA,K/KOFA,21305
JIGAWA,"""02",HADEJIA,K/KUKA,21304
JIGAWA,"""02",HADEJIA,MAJEMA,21306
JIGAWA,"""02",HADEJIA,MATSARO,21307
JIGAWA,"""02",HADEJIA,RUMFA,21308
JIGAWA,"""02",HADEJIA,S/GARU,21309
JIGAWA,"""02",HADEJIA,YANKOLI,21310
JIGAWA,"""02",HADEJIA,YAYARI,21311
JIGAWA,"""02",JAHUN,AUJARA,21401
JIGAWA,"""02",JAHUN,GANGAWA,21402
JIGAWA,"""02",JAHUN,GAUZA,21403
JIGAWA,"""02",JAHUN,GUNKA,21404
JIGAWA,"""02",JAHUN,HARBO SABUWA,21405
JIGAWA,"""02",JAHUN,HARBO TSOHUWA,21406
JIGAWA,"""02",JAHUN,INDANDUNA,21407
JIGAWA,"""02",JAHUN,JABARNA,21408
JIGAWA,"""02",JAHUN,JAHUN,21409
JIGAWA,"""02",JAHUN,KALE,21410
JIGAWA,"""02",JAHUN,KANWA,21411
JIGAWA,"""02",KAFIN HAUSA,BULANGU,21501
JIGAWA,"""02",KAFIN HAUSA,D/TOKA,21502
JIGAWA,"""02",KAFIN HAUSA,GAFAYA,21503
JIGAWA,"""02",KAFIN HAUSA,JABO,21504
JIGAWA,"""02",KAFIN HAUSA,K/HAUSA,21505
JIGAWA,"""02",KAFIN HAUSA,KWAZELEWA,21506
JIGAWA,"""02",KAFIN HAUSA,MAJAWA,21507
JIGAWA,"""02",KAFIN HAUSA,MEZAN,21508
JIGAWA,"""02",KAFIN HAUSA,RUBA,21509
JIGAWA,"""02",KAFIN HAUSA,SARAWA,21510
JIGAWA,"""02",KAFIN HAUSA,ZAGO-RURA,21511
JIGAWA,"""02",KAUGAMA,ARBUS,21608
JIGAWA,"""02",KAUGAMA,ASKANDU,21607
JIGAWA,"""02",KAUGAMA,DABUWARAN,21610
JIGAWA,"""02",KAUGAMA,DANKAIYAWA,21603
JIGAWA,"""02",KAUGAMA,GIRBOBO,21611
JIGAWA,"""02",KAUGAMA,HADIN,21602
JIGAWA,"""02",KAUGAMA,JAE,21606
JIGAWA,"""02",KAUGAMA,KAUGAMA,21601
JIGAWA,"""02",KAUGAMA,MARKE,21605
JIGAWA,"""02",KAUGAMA,UNG-JIBIRN,21604
JIGAWA,"""02",KAUGAMA,YALO,21609
JIGAWA,"""02",KAZAURE,BA'AUZINI,21701
JIGAWA,"""02",KAZAURE,DABA,21702
JIGAWA,"""02",KAZAURE,DABAZA,21703
JIGAWA,"""02",KAZAURE,DANDI,21704
JIGAWA,"""02",KAZAURE,GADA,21705
JIGAWA,"""02",KAZAURE,KANTI,21706
JIGAWA,"""02",KAZAURE,MARADAWA,21707
JIGAWA,"""02",KAZAURE,SABARU,21708
JIGAWA,"""02",KAZAURE,UNG AREWA,21709
JIGAWA,"""02",KAZAURE,UNG GABAS,21710
JIGAWA,"""02",KAZAURE,UNG YAMMA,21711
JIGAWA,"""02",KIRI KASAM,BATURIYA,21801
JIGAWA,"""02",KIRI KASAM,BULUNCHE,21802
JIGAWA,"""02",KIRI KASAM,FUNDUM,21803
JIGAWA,"""02",KIRI KASAM,GAYIN,21804
JIGAWA,"""02",KIRI KASAM,K/KASAMMA,21805
JIGAWA,"""02",KIRI KASAM,MADACHI,21806
JIGAWA,"""02",KIRI KASAM,MARMA,21807
JIGAWA,"""02",KIRI KASAM,SALERI,21808
JIGAWA,"""02",KIRI KASAM,TASHEGUWA,21809
JIGAWA,"""02",KIRI KASAM,TURABU,21810
JIGAWA,"""02",KIYAWA, KWANDA,21908
JIGAWA,"""02",KIYAWA,ANDAZA,21901
JIGAWA,"""02",KIYAWA,BALAGO,21902
JIGAWA,"""02",KIYAWA,FAKE,21903
JIGAWA,"""02",KIYAWA,FATANGA,21905
JIGAWA,"""02",KIYAWA,GARKO,21904
JIGAWA,"""02",KIYAWA,KATUKA,21906
JIGAWA,"""02",KIYAWA,KIYAWA,21907
JIGAWA,"""02",KIYAWA,MAJE,21909
JIGAWA,"""02",KIYAWA,SHUWARIN,21910
JIGAWA,"""02",KIYAWA,TSIRMA,21911
JIGAWA,"""02",MAIGATARI,BALARABE,22001
JIGAWA,"""02",MAIGATARI,DANKUMBO,22002
JIGAWA,"""02",MAIGATARI,FULATA,22003
JIGAWA,"""02",MAIGATARI,GALADI,22004
JIGAWA,"""02",MAIGATARI,JAJERI,22005
JIGAWA,"""02",MAIGATARI,KUKAYASKU,22006
JIGAWA,"""02",MAIGATARI,MADANA,22007
JIGAWA,"""02",MAIGATARI,MAIGATARI AREWA,22008
JIGAWA,"""02",MAIGATARI,MAIGATARI KUDU,22009
JIGAWA,"""02",MAIGATARI,MATOYA,22010
JIGAWA,"""02",MAIGATARI,TURBUS,22011
JIGAWA,"""02",MALAM M,ARKI,22101
JIGAWA,"""02",MALAM M,DUNARI,22102
JIGAWA,"""02",MALAM M,FATAIKA,22103
JIGAWA,"""02",MALAM M,G/GABAS,22104
JIGAWA,"""02",MALAM M,M/MODORI,22107
JIGAWA,"""02",MALAM M,MAI RAKUMI,22105
JIGAWA,"""02",MALAM M,MAKADDARE,22106
JIGAWA,"""02",MALAM M,SHAYYA,22108
JIGAWA,"""02",MALAM M,T/KUTARA,22111
JIGAWA,"""02",MALAM M,TAGORO,22109
JIGAWA,"""02",MALAM M,TASHENA,22110
JIGAWA,"""02",MIGA,DANGYATIN,22201
JIGAWA,"""02",MIGA,GARBO,22202
JIGAWA,"""02",MIGA,GWARI,22203
JIGAWA,"""02",MIGA,HANTSU,22204
JIGAWA,"""02",MIGA,KOYA,22205
JIGAWA,"""02",MIGA,MIGA,22206
JIGAWA,"""02",MIGA,S/GARI,22207
JIGAWA,"""02",MIGA,SANSANI,22208
JIGAWA,"""02",MIGA,TSAKUMAMA,22209
JIGAWA,"""02",MIGA,YANDUNA,22210
JIGAWA,"""02",MIGA,ZAREKU,22211
JIGAWA,"""02",RINGIM,CHAI-CHAI,22301
JIGAWA,"""02",RINGIM,DABI,22302
JIGAWA,"""02",RINGIM,K/BARBUSHE,22304
JIGAWA,"""02",RINGIM,KARSHI,22303
JIGAWA,"""02",RINGIM,KYARAMA,22305
JIGAWA,"""02",RINGIM,RINGIM,22306
JIGAWA,"""02",RINGIM,SANKARA,22307
JIGAWA,"""02",RINGIM,SINTILMAWA,22308
JIGAWA,"""02",RINGIM,TOFA,22309
JIGAWA,"""02",RINGIM,YANDUTSE,22310
JIGAWA,"""02",RONI,AMARYAWA,22401
JIGAWA,"""02",RONI,BARAGUMI,22402
JIGAWA,"""02",RONI,DANSURE,22403
JIGAWA,"""02",RONI,FARABARINJE,22404
JIGAWA,"""02",RONI,GORA,22405
JIGAWA,"""02",RONI,KWAITA,22406
JIGAWA,"""02",RONI,RONI,22407
JIGAWA,"""02",RONI,SANKAU,22408
JIGAWA,"""02",RONI,TUNAS,22409
JIGAWA,"""02",RONI,YANZAKI,22410
JIGAWA,"""02",RONI,ZUGAI,22411
JIGAWA,"""02",SULE-TANK,ALBASU,22501
JIGAWA,"""02",SULE-TANK,AMANGA,22502
JIGAWA,"""02",SULE-TANK,DANGYATIN,22503
JIGAWA,"""02",SULE-TANK,DANLADI,22504
JIGAWA,"""02",SULE-TANK,DANZOMO,22505
JIGAWA,"""02",SULE-TANK,JEKE,22506
JIGAWA,"""02",SULE-TANK,SHABARU,22507
JIGAWA,"""02",SULE-TANK,SULE,22508
JIGAWA,"""02",SULE-TANK,TAKATSABA,22509
JIGAWA,"""02",SULE-TANK,YANDAMO,22510
JIGAWA,"""02",TAURA,AYAURA,22601
JIGAWA,"""02",TAURA,CHUKUTO,22602
JIGAWA,"""02",TAURA,CHUKWAIKWAIWA,22603
JIGAWA,"""02",TAURA,GUJUNGU,22604
JIGAWA,"""02",TAURA,KIRI,22605
JIGAWA,"""02",TAURA,KWALAM,22606
JIGAWA,"""02",TAURA,MAJE,22607
JIGAWA,"""02",TAURA,MAJIA,22608
JIGAWA,"""02",TAURA,SABON GARI,22609
JIGAWA,"""02",TAURA,TAURA,22610
JIGAWA,"""02",YANKWASHI,ACHI LAFIYA,22701
JIGAWA,"""02",YANKWASHI,BELAS,22702
JIGAWA,"""02",YANKWASHI,DAWAN GAWO,22703
JIGAWA,"""02",YANKWASHI,GURJIYA,22704
JIGAWA,"""02",YANKWASHI,GWARTA,22705
JIGAWA,"""02",YANKWASHI,KARKARNA,22706
JIGAWA,"""02",YANKWASHI,KUDA,22707
JIGAWA,"""02",YANKWASHI,RINGIM,22708
JIGAWA,"""02",YANKWASHI,YANKWASHI,22709
JIGAWA,"""02",YANKWASHI,ZUNGUMBA,22710
KANO,"""03",AJINGI,AJINGI,30101
KANO,"""03",AJINGI,BALARE,30102
KANO,"""03",AJINGI,CHULA,30103
KANO,"""03",AJINGI,DABIN-KANAWA,30104
KANO,"""03",AJINGI,DUNDUN,30105
KANO,"""03",AJINGI,GAFASA,30106
KANO,"""03",AJINGI,GURDUBA,30107
KANO,"""03",AJINGI,KUNKUN RAWA,30108
KANO,"""03",AJINGI,T ORANKE,30109
KANO,"""03",AJINGI,UNGUWAR BAI,30110
KANO,"""03",ALBASU,ALBASU CENTRAL,30201
KANO,"""03",ALBASU,BATAIYA,30202
KANO,"""03",ALBASU,DAHO,30203
KANO,"""03",ALBASU,DUJA,30204
KANO,"""03",ALBASU,FANDA,30205
KANO,"""03",ALBASU,FARAGAI,30206
KANO,"""03",ALBASU,GAGARAME,30207
KANO,"""03",ALBASU,HUNGU,30208
KANO,"""03",ALBASU,SAYA-SAYA,30209
KANO,"""03",ALBASU,TSANGAYA,30210
KANO,"""03",BAGWAI,BAGWAI,30301
KANO,"""03",BAGWAI,DANGADA,30302
KANO,"""03",BAGWAI,GADANYA,30303
KANO,"""03",BAGWAI,GOGORI,30304
KANO,"""03",BAGWAI,KIYAWA,30305
KANO,"""03",BAGWAI,KWAJALI,30306
KANO,"""03",BAGWAI,RIMIN DAKO,30307
KANO,"""03",BAGWAI,ROMO,30308
KANO,"""03",BAGWAI,SARE-SARE,30309
KANO,"""03",BAGWAI,WURO BAGGA,30310
KANO,"""03",BEBEJI,ANADARIYA,30401
KANO,"""03",BEBEJI,BAGUDA,30402
KANO,"""03",BEBEJI,BEBEJI,30403
KANO,"""03",BEBEJI,DAMAU,30404
KANO,"""03",BEBEJI,DURMAWA,30405
KANO,"""03",BEBEJI,GARGAI,30406
KANO,"""03",BEBEJI,GARMAI,30407
KANO,"""03",BEBEJI,KOFA,30408
KANO,"""03",BEBEJI,KUKI,30409
KANO,"""03",BEBEJI,RAHAMA,30410
KANO,"""03",BEBEJI,RANKA,30411
KANO,"""03",BEBEJI,RANTAN,30412
KANO,"""03",BEBEJI,TARIWA,30413
KANO,"""03",BEBEJI,WAK,30414
KANO,"""03",BICHI,BADUME,30501
KANO,"""03",BICHI,BICHI,30502
KANO,"""03",BICHI,DANZABUWA,30503
KANO,"""03",BICHI,FAGOLO,30504
KANO,"""03",BICHI,KAU-KAU,30505
KANO,"""03",BICHI,KWAMARAWA,30506
KANO,"""03",BICHI,KYALLI,30507
KANO,"""03",BICHI,MUNTSIRA,30508
KANO,"""03",BICHI,SAYE,30509
KANO,"""03",BICHI,WAIRE,30510
KANO,"""03",BICHI,YALLAMI,30511
KANO,"""03",BUNKURE,BARKUM,30601
KANO,"""03",BUNKURE,BONO,30602
KANO,"""03",BUNKURE,BUNKURE,30603
KANO,"""03",BUNKURE,CHIRIN,30604
KANO,"""03",BUNKURE,GAFAN,30605
KANO,"""03",BUNKURE,GAMMA,30606
KANO,"""03",BUNKURE,GURJIYA,30607
KANO,"""03",BUNKURE,KULLUWA,30608
KANO,"""03",BUNKURE,KUMURYA,30609
KANO,"""03",BUNKURE,SANDA,30610
KANO,"""03",DALA,ADAKAWA,30701
KANO,"""03",DALA,BAKIN RUWA,30702
KANO,"""03",DALA,DALA,30703
KANO,"""03",DALA,DOGON NAMA,30704
KANO,"""03",DALA,GOBIRAWA,30705
KANO,"""03",DALA,GWAMMAJA,30706
KANO,"""03",DALA,KABUWAYA,30707
KANO,"""03",DALA,KANTUDU,30708
KANO,"""03",DALA,KOFAR MAZUGAL,30709
KANO,"""03",DALA,KOFAR RUWA,30710
KANO,"""03",DALA,MADIGAWA,30711
KANO,"""03",DALA,YALAWA,30712
KANO,"""03",DANBATTA,AJUMAWA,30801
KANO,"""03",DANBATTA,DANBATTA EAST,30802
KANO,"""03",DANBATTA,DANBATTA WEST,30803
KANO,"""03",DANBATTA,FAGWALAWA,30804
KANO,"""03",DANBATTA,GORAN MAJE,30805
KANO,"""03",DANBATTA,GWANDA,30806
KANO,"""03",DANBATTA,GWARABJAWA,30807
KANO,"""03",DANBATTA,KORE,30808
KANO,"""03",DANBATTA,SAIDAWA,30809
KANO,"""03",DANBATTA,SANSAN,30810
KANO,"""03",DAWAKIN KUDU,DABAR KWARI,30901
KANO,"""03",DAWAKIN KUDU,DANBAGINA,30902
KANO,"""03",DAWAKIN KUDU,DAWAKI,30903
KANO,"""03",DAWAKIN KUDU,DAWAKIJI,30904
KANO,"""03",DAWAKIN KUDU,DOSAN,30905
KANO,"""03",DAWAKIN KUDU,GANO,30906
KANO,"""03",DAWAKIN KUDU,GURJIYA,30907
KANO,"""03",DAWAKIN KUDU,JIDO,30908
KANO,"""03",DAWAKIN KUDU,TANBURAWA,30909
KANO,"""03",DAWAKIN KUDU,TSAKUWA,30910
KANO,"""03",DAWAKIN KUDU,UNGUWAR DUNIYA,30911
KANO,"""03",DAWAKIN KUDU,YAN BARAU,30912
KANO,"""03",DAWAKIN KUDU,YANKATSARI,30913
KANO,"""03",DAWAKIN KUDU,YARGAYA,30914
KANO,"""03",DAWAKIN KUDU,ZOGARAWA,30915
KANO,"""03",DAWAKIN TOFA,DANGUGUWA,31001
KANO,"""03",DAWAKIN TOFA,DAWAKI EAST,31002
KANO,"""03",DAWAKIN TOFA,DAWAKI WEST,31003
KANO,"""03",DAWAKIN TOFA,DAWANAU,31004
KANO,"""03",DAWAKIN TOFA,GANDUJE,31005
KANO,"""03",DAWAKIN TOFA,GARGARI,31006
KANO,"""03",DAWAKIN TOFA,JALLI,31007
KANO,"""03",DAWAKIN TOFA,KWA,31008
KANO,"""03",DAWAKIN TOFA,MARKE,31009
KANO,"""03",DAWAKIN TOFA,TATTARAWA,31010
KANO,"""03",DAWAKIN TOFA,TUMFAFI,31011
KANO,"""03",DOGUWA,DARIYA,31101
KANO,"""03",DOGUWA,DOGON KAWO,31102
KANO,"""03",DOGUWA,DOGUWA,31103
KANO,"""03",DOGUWA,FALGORE,31104
KANO,"""03",DOGUWA,MARAKU,31105
KANO,"""03",DOGUWA,RAGADA,31106
KANO,"""03",DOGUWA,RIRIWAI,31107
KANO,"""03",DOGUWA,TAGWAYE,31108
KANO,"""03",DOGUWA,UNGUWAR TSOHUWA,31109
KANO,"""03",DOGUWA,ZAINABI,31110
KANO,"""03",FAGGE,FAGGE A,31201
KANO,"""03",FAGGE,FAGGE B,31202
KANO,"""03",FAGGE,FAGGE C,31203
KANO,"""03",FAGGE,FAGGE D1,31204
KANO,"""03",FAGGE,FAGGE D2,31205
KANO,"""03",FAGGE,KWACHIRI,31206
KANO,"""03",FAGGE,RIJIYAR LEMO,31207
KANO,"""03",FAGGE,SABAN GARI EAST,31208
KANO,"""03",FAGGE,SABON GARI WEST,31209
KANO,"""03",FAGGE,YAMMATA,31210
KANO,"""03",GABASAWA, GABASAWA,31301
KANO,"""03",GABASAWA, GARUN DANGA,31302
KANO,"""03",GABASAWA, KARMAMI,31303
KANO,"""03",GABASAWA, MEKIYA,31304
KANO,"""03",GABASAWA, TARAUNI,31305
KANO,"""03",GABASAWA,JODA,31306
KANO,"""03",GABASAWA,YAUTAR AREAWA,31307
KANO,"""03",GABASAWA,YAUTAR KUDU,31308
KANO,"""03",GABASAWA,YUMBU,31309
KANO,"""03",GABASAWA,ZAKIRAI,31310
KANO,"""03",GABASAWA,ZUGACHI,31311
KANO,"""03",GARKO,DAL,31501
KANO,"""03",GARKO,GARIN ALI,31502
KANO,"""03",GARKO,GARKO,31503
KANO,"""03",GARKO,GURJIYA,31504
KANO,"""03",GARKO,KAFIN MALAMAI,31505
KANO,"""03",GARKO,KATUMARI,31506
KANO,"""03",GARKO,KWAS,31507
KANO,"""03",GARKO,RABA,31508
KANO,"""03",GARKO,SARINA,31509
KANO,"""03",GARKO,ZAKARAWA,31510
KANO,"""03",GARUN MALAM,CHIROMAWA,31601
KANO,"""03",GARUN MALAM,DAKASOYE,31602
KANO,"""03",GARUN MALAM,DORAWAR SALLAU,31603
KANO,"""03",GARUN MALAM,FANKURUN,31604
KANO,"""03",GARUN MALAM,GARUN BABBA,31605
KANO,"""03",GARUN MALAM,GARUN MALAM,31606
KANO,"""03",GARUN MALAM,JOBAWA,31607
KANO,"""03",GARUN MALAM,KADAWA,31608
KANO,"""03",GARUN MALAM,MAKWARO,31609
KANO,"""03",GARUN MALAM,YADA KWARI,31610
KANO,"""03",GAYA,BALAN,31701
KANO,"""03",GAYA,GAMARYA,31702
KANO,"""03",GAYA,GAMOJI,31703
KANO,"""03",GAYA,GAYA AREWA,31704
KANO,"""03",GAYA,GAYA KUDU,31705
KANO,"""03",GAYA,KADEMI,31706
KANO,"""03",GAYA,KAZUREWA,31707
KANO,"""03",GAYA,MAIKAMAWA,31708
KANO,"""03",GAYA,SHAGOGO,31709
KANO,"""03",GAYA,WUDILAWA,31710
KANO,"""03",GEZAWA,BABAWA,31801
KANO,"""03",GEZAWA,GAWO,31802
KANO,"""03",GEZAWA,GEZAWA,31803
KANO,"""03",GEZAWA,JOGANA,31804
KANO,"""03",GEZAWA,KETAWA,31805
KANO,"""03",GEZAWA,MESAR TUDU,31806
KANO,"""03",GEZAWA,SARARIN GEZAWA,31807
KANO,"""03",GEZAWA,TSAMIYA BABBA,31808
KANO,"""03",GEZAWA,TUMBAU,31809
KANO,"""03",GEZAWA,WANGARA,31810
KANO,"""03",GEZAWA,ZANGO,31811
KANO,"""03",GWALE,DANDAGO,31901
KANO,"""03",GWALE,DISO,31902
KANO,"""03",GWALE,DORAYI,31903
KANO,"""03",GWALE,GALADANCHI,31904
KANO,"""03",GWALE,GORON DUTSE,31905
KANO,"""03",GWALE,GWALE,31906
KANO,"""03",GWALE,GYARANYA,31907
KANO,"""03",GWALE,KABUGA,31908
KANO,"""03",GWALE,MANDAWARI,31909
KANO,"""03",GWALE,SANI MAINAGGE,31910
KANO,"""03",GWARZO,GAMA'A,32001
KANO,"""03",GWARZO,GETSO,32002
KANO,"""03",GWARZO,GWARZO,32003
KANO,"""03",GWARZO,KARA,32004
KANO,"""03",GWARZO,KUTAMA,32005
KANO,"""03",GWARZO,LAKWAYA,32006
KANO,"""03",GWARZO,MADADA,32007
KANO,"""03",GWARZO,MAINIKA,32008
KANO,"""03",GWARZO,SABON BIRNI,32009
KANO,"""03",GWARZO,UNGUWAR TUDU,32010
KANO,"""03",KABO,DUGABAU,32101
KANO,"""03",KABO,DURUN,32102
KANO,"""03",KABO,GADIYA,32103
KANO,"""03",KABO,GAMMA,32104
KANO,"""03",KABO,GARO,32105
KANO,"""03",KABO,GUDE,32106
KANO,"""03",KABO,HAUWADE,32107
KANO,"""03",KABO,KABO,32108
KANO,"""03",KABO,KANWA,32109
KANO,"""03",KABO,MASANAWA,32110
KANO,"""03",KANO MUNICIPAL,CHEDI,32201
KANO,"""03",KANO MUNICIPAL,DAN'AGUNDI,32202
KANO,"""03",KANO MUNICIPAL,GANDUN ALBASA,32203
KANO,"""03",KANO MUNICIPAL,JAKARA,32204
KANO,"""03",KANO MUNICIPAL,KANKAROFI,32205
KANO,"""03",KANO MUNICIPAL,SHAHUCHI,32206
KANO,"""03",KANO MUNICIPAL,SHARADA,32207
KANO,"""03",KANO MUNICIPAL,SHESHE,32208
KANO,"""03",KANO MUNICIPAL,TUDUN NUFAWA,32209
KANO,"""03",KANO MUNICIPAL,TUDUN WAZIRCHI,32210
KANO,"""03",KANO MUNICIPAL,YAKASAI,32211
KANO,"""03",KANO MUNICIPAL,ZAITAWA,32212
KANO,"""03",KANO MUNICIPAL,ZANGO,32213
KANO,"""03",KARAYE,DAURA,32301
KANO,"""03",KARAYE,KAHN DAFGA,32302
KANO,"""03",KARAYE,KURUGU,32303
KANO,"""03",KARAYE,KWANYAWA,32304
KANO,"""03",KARAYE,MAGAJI N GARI,32305
KANO,"""03",KARAYE,TUDUN KAYA,32306
KANO,"""03",KARAYE,TURAWA,32307
KANO,"""03",KARAYE,UNGUWAR HAJJI,32308
KANO,"""03",KARAYE,YAMMEDI,32309
KANO,"""03",KARAYE,YOLA,32310
KANO,"""03",KIBIYA, FASSI,32401
KANO,"""03",KIBIYA, KIBIYA 1,32402
KANO,"""03",KIBIYA, KIBIYA II,32403
KANO,"""03",KIBIYA,DURBA,32404
KANO,"""03",KIBIYA,FAMMAR,32405
KANO,"""03",KIBIYA,KADIGAWA,32406
KANO,"""03",KIBIYA,KAHU,32407
KANO,"""03",KIBIYA,NARIYA,32408
KANO,"""03",KIBIYA,TARAI,32409
KANO,"""03",KIBIYA,UNGUWAR GAI,32410
KANO,"""03",KIRU,BAAWA,32501
KANO,"""03",KIRU,BADAFI,32502
KANO,"""03",KIRU,BARGONI,32503
KANO,"""03",KIRU,BAUDA,32504
KANO,"""03",KIRU,DANGORA,32505
KANO,"""03",KIRU,DANSOSHIYA,32506
KANO,"""03",KIRU,DASHI,32507
KANO,"""03",KIRU,GALADIMAWA,32508
KANO,"""03",KIRU,KIRU,32509
KANO,"""03",KIRU,KOGO,32510
KANO,"""03",KIRU,MARAKU,32511
KANO,"""03",KIRU,TSAUDAWA,32512
KANO,"""03",KIRU,YAKO,32513
KANO,"""03",KIRU,YALWA,32514
KANO,"""03",KIRU,ZUWO,32515
KANO,"""03",KUMBOTSO, DANMALIKI,32602
KANO,"""03",KUMBOTSO, GURUN GAWA,32603
KANO,"""03",KUMBOTSO, KUREKEN SANI,32604
KANO,"""03",KUMBOTSO, MARIRI,32605
KANO,"""03",KUMBOTSO, NAIBAWA,32606
KANO,"""03",KUMBOTSO,CHALLAWA,32601
KANO,"""03",KUMBOTSO,CHIRANCHI,32607
KANO,"""03",KUMBOTSO,DANBARE,32608
KANO,"""03",KUMBOTSO,KUMBOTSO,32609
KANO,"""03",KUMBOTSO,PANSHEKARA,32610
KANO,"""03",KUMBOTSO,UNGUWAR RIMI,32611
KANO,"""03",KUNCHI,BUMAI,32701
KANO,"""03",KUNCHI,GARIN SHEME,32702
KANO,"""03",KUNCHI,GWARMAI,32703
KANO,"""03",KUNCHI,KASUWAR KUKA,32704
KANO,"""03",KUNCHI,KUNCHI,32705
KANO,"""03",KUNCHI,MATAN FADA,32706
KANO,"""03",KUNCHI,RIDAWA,32707
KANO,"""03",KUNCHI,SHAMAKAWA,32708
KANO,"""03",KUNCHI,SHUWAKI,32709
KANO,"""03",KUNCHI,YANDADI,32710
KANO,"""03",KURA,DALLI,32801
KANO,"""03",KURA,DAN HASSAN,32802
KANO,"""03",KURA,DUKAWA,32803
KANO,"""03",KURA,GAND UTSE,32804
KANO,"""03",KURA,KARFI,32805
KANO,"""03",KURA,KOSAWA,32806
KANO,"""03",KURA,KURA,32807
KANO,"""03",KURA,KURUN SUMAU,32808
KANO,"""03",KURA,RIGAR DUKA,32809
KANO,"""03",KURA,TANAWA,32810
KANO,"""03",MADOBI,BURJI,32901
KANO,"""03",MADOBI,CINKOSO,32902
KANO,"""03",MADOBI,GALINJA,32903
KANO,"""03",MADOBI,GORA,32904
KANO,"""03",MADOBI,KAKIN AGUR,32905
KANO,"""03",MADOBI,KANWA,32906
KANO,"""03",MADOBI,KAURAN MATA,32907
KANO,"""03",MADOBI,KUBARACI,32908
KANO,"""03",MADOBI,KWANKWASO,32909
KANO,"""03",MADOBI,MADOBI,32910
KANO,"""03",MADOBI,RIKADAWA,32911
KANO,"""03",MADOBI,YAKUN,32912
KANO,"""03",MAKODA,BABBAR RIGA,33001
KANO,"""03",MAKODA,DURMA,33002
KANO,"""03",MAKODA,JIBGA,33003
KANO,"""03",MAKODA,KADAN DANI,33004
KANO,"""03",MAKODA,KOGUNA,33005
KANO,"""03",MAKODA,KOREN TABO,33006
KANO,"""03",MAKODA,MAITSIDA,33007
KANO,"""03",MAKODA,MAKODA,33008
KANO,"""03",MAKODA,SATAME,33009
KANO,"""03",MAKODA,TANGAJI,33010
KANO,"""03",MAKODA,WAILARE,33011
KANO,"""03",MINJIBIR,AZORE,33101
KANO,"""03",MINJIBIR,GANDURWAWA,33102
KANO,"""03",MINJIBIR,KANTAMA,33103
KANO,"""03",MINJIBIR,KUNYA,33104
KANO,"""03",MINJIBIR,KURU,33105
KANO,"""03",MINJIBIR,KWARKIYA,33106
KANO,"""03",MINJIBIR,MINJIBIR,33107
KANO,"""03",MINJIBIR,SARBI,33108
KANO,"""03",MINJIBIR,TSAKIYA,33109
KANO,"""03",MINJIBIR,TSAKUWA,33110
KANO,"""03",MINJIBIR,WASAI,33111
KANO,"""03",NASSARAWA,DAKATA,33201
KANO,"""03",NASSARAWA,GAMA,33202
KANO,"""03",NASSARAWA,GAWUNA,33203
KANO,"""03",NASSARAWA,GIGINYU,33204
KANO,"""03",NASSARAWA,GWAGWARWA,33205
KANO,"""03",NASSARAWA,HOTORO NORTH,33206
KANO,"""03",NASSARAWA,HOTORO SOUTH,33207
KANO,"""03",NASSARAWA,KAURA GOJE,33208
KANO,"""03",NASSARAWA,KAWAJI,33209
KANO,"""03",NASSARAWA,TUDUN MURTALA,33210
KANO,"""03",NASSARAWA,TUDUN WADA,33211
KANO,"""03",RANO,DAWAKI,33301
KANO,"""03",RANO,LAUSU,33302
KANO,"""03",RANO,MADACHI,33303
KANO,"""03",RANO,RANO,33304
KANO,"""03",RANO,RURUM - TSOHON GARI,33305
KANO,"""03",RANO,RURUM-SABON GARI,33306
KANO,"""03",RANO,SAJI,33307
KANO,"""03",RANO,YALWA,33308
KANO,"""03",RANO,ZINYAU,33309
KANO,"""03",RANO,ZURGAU,33310
KANO,"""03",RIMIN GADO,BUTU-BUTU,31401
KANO,"""03",RIMIN GADO,DAWAKIN GULU,31402
KANO,"""03",RIMIN GADO,DOKA DAWA,31403
KANO,"""03",RIMIN GADO,DUGURAWA,31404
KANO,"""03",RIMIN GADO,GULU,31405
KANO,"""03",RIMIN GADO,JILI,31406
KANO,"""03",RIMIN GADO,KAROFIN YASHI,31407
KANO,"""03",RIMIN GADO,RIMIN GADO,31408
KANO,"""03",RIMIN GADO,SAKARA TSA,31409
KANO,"""03",RIMIN GADO,TAMAWA,31410
KANO,"""03",RIMIN GADO,YALWAN DANZIYAL,31411
KANO,"""03",RIMIN GADO,ZANGON DAN ABDU,31412
KANO,"""03",ROGO,BELI,33401
KANO,"""03",ROGO,FALGORE,33402
KANO,"""03",ROGO,FULATAN,33403
KANO,"""03",ROGO,GWANGWAN,33404
KANO,"""03",ROGO,JAJAYE,33405
KANO,"""03",ROGO,ROGO 5/GARI,33406
KANO,"""03",ROGO,ROGO RUMA,33407
KANO,"""03",ROGO,RUWAN BAGO,33408
KANO,"""03",ROGO,ZAREWA,33409
KANO,"""03",ROGO,ZOZA,33410
KANO,"""03",SANYAWA,DADDARAWA,34001
KANO,"""03",SHANONO,ALAJAWA,33501
KANO,"""03",SHANONO,DUTSEN BAKOSHI,33502
KANO,"""03",SHANONO,FARURUWA,33503
KANO,"""03",SHANONO,GORON DU TSE,33504
KANO,"""03",SHANONO,KADAMU,33505
KANO,"""03",SHANONO,KOKIYA,33506
KANO,"""03",SHANONO,LENI,33507
KANO,"""03",SHANONO,SHAKOGI,33508
KANO,"""03",SHANONO,SHANONO,33509
KANO,"""03",SHANONO,TSAURE,33510
KANO,"""03",SUMAILA,GALA,33601
KANO,"""03",SUMAILA,GANI,33602
KANO,"""03",SUMAILA,GARFA,33603
KANO,"""03",SUMAILA,GEDIYA,33604
KANO,"""03",SUMAILA,KANAWA,33605
KANO,"""03",SUMAILA,MAGAMI,33606
KANO,"""03",SUMAILA,MASU,33607
KANO,"""03",SUMAILA,RIMI,33608
KANO,"""03",SUMAILA,RUMO,33609
KANO,"""03",SUMAILA,SITTI,33610
KANO,"""03",SUMAILA,SUMAILA,33611
KANO,"""03",TAKAI,BAGWARO,33701
KANO,"""03",TAKAI,DURBUNDE,33702
KANO,"""03",TAKAI,F ALALI,33703
KANO,"""03",TAKAI,FAJEWA,33704
KANO,"""03",TAKAI,FARUN RUWA,33705
KANO,"""03",TAKAI,KACHAKO,33706
KANO,"""03",TAKAI,KARFI,33707
KANO,"""03",TAKAI,KUKA,33708
KANO,"""03",TAKAI,TAKAI,33709
KANO,"""03",TAKAI,ZUGA,33710
KANO,"""03",TARAUNI,BABBAN GIJI,33801
KANO,"""03",TARAUNI,DARMANAWA,33802
KANO,"""03",TARAUNI,DAURAWA,33803
KANO,"""03",TARAUNI,GYADI GAYADI AREWA,33804
KANO,"""03",TARAUNI,GYADI GYADI KUDU,33805
KANO,"""03",TARAUNI,HOTORO,33806
KANO,"""03",TARAUNI,TARAUNI,33807
KANO,"""03",TARAUNI,U/UKU K/ALU,33808
KANO,"""03",TARAUNI,UNGUWA UKU C/GARI,33809
KANO,"""03",TARAUNI,UNGUWAR GANO,33810
KANO,"""03",TOFA,DANDARE,33901
KANO,"""03",TOFA,DOKA,33902
KANO,"""03",TOFA,GAJIDA,33903
KANO,"""03",TOFA,GINSAWA,33904
KANO,"""03",TOFA,JANGUZA,33905
KANO,"""03",TOFA,JAUBEN KUDU,33906
KANO,"""03",TOFA,KWAMI,33907
KANO,"""03",TOFA,LAMBU,33908
KANO,"""03",TOFA,LANGEL,33909
KANO,"""03",TOFA,TOFA,33910
KANO,"""03",TOFA,UNGUWAR RIMI,33911
KANO,"""03",TOFA,WANGARA,33912
KANO,"""03",TOFA,YALWA KARAMA,33913
KANO,"""03",TOFA,YANOKO,33914
KANO,"""03",TOFA,YARIMAWA,33915
KANO,"""03",TSANYAWA,DUNBULUM,34002
KANO,"""03",TSANYAWA,GOZARKI,34003
KANO,"""03",TSANYAWA,GURUN,34004
KANO,"""03",TSANYAWA,KABA GIWA,34005
KANO,"""03",TSANYAWA,TATSA,34006
KANO,"""03",TSANYAWA,TSANYAWA,34007
KANO,"""03",TSANYAWA,YAN KAMAYE,34008
KANO,"""03",TSANYAWA,YANGANAU,34009
KANO,"""03",TSANYAWA,ZAROGI,34010
KANO,"""03",TUDUN WADA,BABURI,34101
KANO,"""03",TUDUN WADA,BURUN-BURUN,34102
KANO,"""03",TUDUN WADA,DALAWA,34103
KANO,"""03",TUDUN WADA,JANDUTSE,34104
KANO,"""03",TUDUN WADA,JITA,34105
KANO,"""03",TUDUN WADA,KAREFA,34106
KANO,"""03",TUDUN WADA,NATA/ALA,34107
KANO,"""03",TUDUN WADA,SABON GARI,34108
KANO,"""03",TUDUN WADA,SHUWAKI,34109
KANO,"""03",TUDUN WADA,TSOHON GARI,34110
KANO,"""03",TUDUN WADA,YARYASA,34111
KANO,"""03",UNGOGO,BACHIRAWA,34201
KANO,"""03",UNGOGO,FANISAU,34202
KANO,"""03",UNGOGO,GAYAWA,34203
KANO,"""03",UNGOGO,KADAWA,34204
KANO,"""03",UNGOGO,KARO,34205
KANO,"""03",UNGOGO,RANGAZA,34206
KANO,"""03",UNGOGO,RIJIYAR ZAKI,34207
KANO,"""03",UNGOGO,TUDUN FULANI,34208
KANO,"""03",UNGOGO,UNGOGO,34209
KANO,"""03",UNGOGO,YADA KUNYA,34210
KANO,"""03",UNGOGO,ZANGO,34211
KANO,"""03",WARAWA,AMARAWA,34301
KANO,"""03",WARAWA,DANLASAN,34302
KANO,"""03",WARAWA,GARIN DAU,34303
KANO,"""03",WARAWA,GOGEL,34304
KANO,"""03",WARAWA,IMAWA,34305
KANO,"""03",WARAWA,JEMAGU,34306
KANO,"""03",WARAWA,JIGAWA,34307
KANO,"""03",WARAWA,JUMA GALADIMA,34308
KANO,"""03",WARAWA,KATAR KAWA,34309
KANO,"""03",WARAWA,MADARIN MATA,34310
KANO,"""03",WARAWA,TAMBURAWAN GABAS,34311
KANO,"""03",WARAWA,TANAGAR,34312
KANO,"""03",WARAWA,WARAWA,34313
KANO,"""03",WARAWA,YANDALLA,34314
KANO,"""03",WARAWA,YANGIZO,34315
KANO,"""03",WUDIL,ACHIKA,34401
KANO,"""03",WUDIL,DAGUMAWA,34402
KANO,"""03",WUDIL,DANKAZA,34403
KANO,"""03",WUDIL,DARKI,34404
KANO,"""03",WUDIL,KAUSANI,34405
KANO,"""03",WUDIL,LAJAWA,34406
KANO,"""03",WUDIL,LNDABO,34407
KANO,"""03",WUDIL,SABON GARI,34408
KANO,"""03",WUDIL,UTAI,34409
KANO,"""03",WUDIL,WUDIL,34410
KATSINA,"""04",BAKORI,BAKORI A,40101
KATSINA,"""04",BAKORI,Bakori B,40102
KATSINA,"""04",BAKORI,Barde/Kwant.,40103
KATSINA,"""04",BAKORI,Dawa Musa,40104
KATSINA,"""04",BAKORI,Guga,40105
KATSINA,"""04",BAKORI,Jargaba,40106
KATSINA,"""04",BAKORI,Kabomo,40107
KATSINA,"""04",BAKORI,Kakumi,40108
KATSINA,"""04",BAKORI,Kandarawa,40109
KATSINA,"""04",BAKORI,Kurami/Yank.,40110
KATSINA,"""04",BAKORI,Tsiga,40111
KATSINA,"""04",BATAGARAWA,Ajiwa,40201
KATSINA,"""04",BATAGARAWA,Bakiyawa,40202
KATSINA,"""04",BATAGARAWA,BARAWA,40203
KATSINA,"""04",BATAGARAWA,Batagarawa,40204
KATSINA,"""04",BATAGARAWA,Dabaibayawa,40205
KATSINA,"""04",BATAGARAWA,Dandagoro,40206
KATSINA,"""04",BATAGARAWA,Jino,40207
KATSINA,"""04",BATAGARAWA,Kayauki,40208
KATSINA,"""04",BATAGARAWA,Tsanni,40209
KATSINA,"""04",BATAGARAWA,Yargamji,40210
KATSINA,"""04",BATSARI,A/KAGARA,40301
KATSINA,"""04",BATSARI,BATSARI,40302
KATSINA,"""04",BATSARI,D/M.ABU,40303
KATSINA,"""04",BATSARI,DAN-ALHAJI/Y,40304
KATSINA,"""04",BATSARI,KANDAWA,40305
KATSINA,"""04",BATSARI,KARARE,40306
KATSINA,"""04",BATSARI,MADOGARA,40307
KATSINA,"""04",BATSARI,MANAWA,40308
KATSINA,"""04",BATSARI,RUMAH,40309
KATSINA,"""04",BATSARI,WAGINI,40310
KATSINA,"""04",BATSARI,YAU-YAU/M,40311
KATSINA,"""04",BAURE ,B/MUTUM,40401
KATSINA,"""04",BAURE ,BAURE ,40402
KATSINA,"""04",BAURE ,DANKUM,40403
KATSINA,"""04",BAURE ,FASKI ,40404
KATSINA,"""04",BAURE ,GARKI,40405
KATSINA,"""04",BAURE ,HUI,40406
KATSINA,"""04",BAURE ,MAIBARA,40407
KATSINA,"""04",BAURE ,MUDURI ,40408
KATSINA,"""04",BAURE ,TARAMNAWA,40409
KATSINA,"""04",BAURE ,UNG. RAI,40410
KATSINA,"""04",BAURE ,YANDUNA,40411
KATSINA,"""04",BAURE ,YANMAULU ,40412
KATSINA,"""04",BINDAWA,BAURE,40501
KATSINA,"""04",BINDAWA,BINDAWA,40502
KATSINA,"""04",BINDAWA,DALLAJI,40503
KATSINA,"""04",BINDAWA,DORO ,40504
KATSINA,"""04",BINDAWA,GAIWA ,40505
KATSINA,"""04",BINDAWA,GIREMAWA,40506
KATSINA,"""04",BINDAWA,JIBAWA ,40507
KATSINA,"""04",BINDAWA,KAMRI ,40508
KATSINA,"""04",BINDAWA,SHIBDAWA,40509
KATSINA,"""04",BINDAWA,TAMA,40510
KATSINA,"""04",BINDAWA,YANGORA,40511
KATSINA,"""04",CHARANCHI,BANYE,40601
KATSINA,"""04",CHARANCHI,CHARANCHI,40602
KATSINA,"""04",CHARANCHI,DOKA,40603
KATSINA,"""04",CHARANCHI,GANUWA,40604
KATSINA,"""04",CHARANCHI,KODA,40605
KATSINA,"""04",CHARANCHI,KURAYE,40606
KATSINA,"""04",CHARANCHI,MAJE/MAYYA,40607
KATSINA,"""04",CHARANCHI,RADDA,40608
KATSINA,"""04",CHARANCHI,SAFANA,40609
KATSINA,"""04",CHARANCHI,TSAKATSA,40610
KATSINA,"""04",DANDUME ,DANDUME A,40701
KATSINA,"""04",DANDUME ,DANDUME B,40702
KATSINA,"""04",DANDUME ,DANSODA,40703
KATSINA,"""04",DANDUME ,DANTANKARI,40704
KATSINA,"""04",DANDUME ,MAGAJI WANDO,40705
KATSINA,"""04",DANDUME ,MAHUTA,40706
KATSINA,"""04",DANDUME ,MAHUTA A,40707
KATSINA,"""04",DANDUME ,MAHUTA B,40708
KATSINA,"""04",DANDUME ,MAIKWAMA,40709
KATSINA,"""04",DANDUME ,TUMBURKAI A,40710
KATSINA,"""04",DANDUME ,TUMBURKAI B,40711
KATSINA,"""04",DANJA ,DABAI,40801
KATSINA,"""04",DANJA ,"DANJA ""A""",40802
KATSINA,"""04",DANJA ,"DANJA ""B""",40803
KATSINA,"""04",DANJA ,JIBA,40804
KATSINA,"""04",DANJA ,"KAHUTA ""A""",40805
KATSINA,"""04",DANJA ,"KAHUTA ""B""",40806
KATSINA,"""04",DANJA ,TANDAMA,40807
KATSINA,"""04",DANJA ,Tsangamawa,40808
KATSINA,"""04",DANJA ,"YAKAJI ""A""",40809
KATSINA,"""04",DANJA ,"YAKAJI ""B""",40810
KATSINA,"""04",DANMUSA,DAN ALI,40901
KATSINA,"""04",DANMUSA,DANDIRE  A,40902
KATSINA,"""04",DANMUSA,DANDIRE  B,40903
KATSINA,"""04",DANMUSA,"DANMUSA  ""A""",40904
KATSINA,"""04",DANMUSA,"DANMUSA ""B""",40905
KATSINA,"""04",DANMUSA,"MAIDABINO ""A""",40906
KATSINA,"""04",DANMUSA,"MAIDABINO ""B""",40907
KATSINA,"""04",DANMUSA,"MARA ""A""",40908
KATSINA,"""04",DANMUSA,"MARA ""B""",40909
KATSINA,"""04",DANMUSA,"YANTUMAKI ""A""",40910
KATSINA,"""04",DANMUSA,"YANTUMAKI ""B""",40911
KATSINA,"""04",DAURA,KUSUGU,41001
KATSINA,"""04",DAURA,"MADOBI ""A""",41002
KATSINA,"""04",DAURA,"MADOBI ""B""",41003
KATSINA,"""04",DAURA,"MAZOJI ""A""",41004
KATSINA,"""04",DAURA,"MAZOJI ""B""",41005
KATSINA,"""04",DAURA,"S/YARA ""A""",41006
KATSINA,"""04",DAURA,"S/YARA""B""",41007
KATSINA,"""04",DAURA,SABON GARI,41008
KATSINA,"""04",DAURA,TUDUN WADA,41009
KATSINA,"""04",DAURA,"UBANDAWAKI ""A""",41010
KATSINA,"""04",DAURA,"UBANDAWAKI ""B""",41011
KATSINA,"""04",DUTSI,DAN AUNAI,41101
KATSINA,"""04",DUTSI,"DUTSI ""A""",41102
KATSINA,"""04",DUTSI,"DUTSI ""B""",41103
KATSINA,"""04",DUTSI,KAYAWA,41104
KATSINA,"""04",DUTSI,R/KAYA A,41105
KATSINA,"""04",DUTSI,R/KAYA B,41106
KATSINA,"""04",DUTSI,"SIRIKA ""A""",41107
KATSINA,"""04",DUTSI,"SIRKA ""B""",41108
KATSINA,"""04",DUTSI,"YAMEL ""A""",41109
KATSINA,"""04",DUTSI,"YAMEL""B""",41110
KATSINA,"""04",DUTSINMA,BAGAGGADI,41201
KATSINA,"""04",DUTSINMA,DABAWA,41202
KATSINA,"""04",DUTSINMA,DUTSINMA A,41203
KATSINA,"""04",DUTSINMA,DUTSINMA B,41204
KATSINA,"""04",DUTSINMA,KAROFI A,41205
KATSINA,"""04",DUTSINMA,KAROFI B,41206
KATSINA,"""04",DUTSINMA,KUKI A ,41207
KATSINA,"""04",DUTSINMA,KUKI B,41208
KATSINA,"""04",DUTSINMA,KUTAWA,41209
KATSINA,"""04",DUTSINMA,MAKERA,41210
KATSINA,"""04",DUTSINMA,SHEMA,41211
KATSINA,"""04",FASKARI,DAUDAWA,41301
KATSINA,"""04",FASKARI,FASKARI,41302
KATSINA,"""04",FASKARI,MAI GORA,41303
KATSINA,"""04",FASKARI,MAIRUA,41304
KATSINA,"""04",FASKARI,RUWAN GODIYA,41305
KATSINA,"""04",FASKARI,SABON LAYI,41306
KATSINA,"""04",FASKARI,SHEME,41307
KATSINA,"""04",FASKARI,TAFOKI ,41308
KATSINA,"""04",FASKARI,YANKARA ,41309
KATSINA,"""04",FASKARI,YAR MALAMAI,41310
KATSINA,"""04",FUNTUA,ANGUWAN MUSA,41401
KATSINA,"""04",FUNTUA,ANGUWAR IBRAHIM,41402
KATSINA,"""04",FUNTUA,DANDUTSE,41403
KATSINA,"""04",FUNTUA,DUKKE,41404
KATSINA,"""04",FUNTUA,GOYA,41405
KATSINA,"""04",FUNTUA,MAIGAMJI,41406
KATSINA,"""04",FUNTUA,MAKERA,41407
KATSINA,"""04",FUNTUA,MASKA,41408
KATSINA,"""04",FUNTUA,NASARAWA,41409
KATSINA,"""04",FUNTUA,S/GARI,41410
KATSINA,"""04",FUNTUA,TUDUN IYA,41411
KATSINA,"""04",INGAWA,AGAYAWA,41501
KATSINA,"""04",INGAWA,BARERUWA,41502
KATSINA,"""04",INGAWA,DARA,41503
KATSINA,"""04",INGAWA,DAUNAKA,41504
KATSINA,"""04",INGAWA,DUGUL,41505
KATSINA,"""04",INGAWA,INGAWA,41506
KATSINA,"""04",INGAWA,KANDAWA,41507
KATSINA,"""04",INGAWA,KURFEJI,41508
KATSINA,"""04",INGAWA,MANOMAWA,41509
KATSINA,"""04",INGAWA,YANDOMA,41510
KATSINA,"""04",INGAWA,YAYA,41511
KATSINA,"""04",JIBIA,BUGAJE,41601
KATSINA,"""04",JIBIA,FARFARU,41602
KATSINA,"""04",JIBIA,FARU,41603
KATSINA,"""04",JIBIA,GANGARA,41604
KATSINA,"""04",JIBIA,GURBI,41605
KATSINA,"""04",JIBIA,JIBIA A,41606
KATSINA,"""04",JIBIA,JIBIA B,41607
KATSINA,"""04",JIBIA,KUSA,41608
KATSINA,"""04",JIBIA,MAZANYA,41609
KATSINA,"""04",JIBIA,RIKO,41610
KATSINA,"""04",JIBIA,YANGAYYA,41611
KATSINA,"""04",KAFUR,DANTUTTURE,41701
KATSINA,"""04",KAFUR,DUTSEN KURA,41702
KATSINA,"""04",KAFUR,GAMZAGO,41703
KATSINA,"""04",KAFUR,GOZAKI,41704
KATSINA,"""04",KAFUR,KAFUR ,41705
KATSINA,"""04",KAFUR,KURINGAFA,41706
KATSINA,"""04",KAFUR,MAHUTA,41707
KATSINA,"""04",KAFUR,MASARI,41708
KATSINA,"""04",KAFUR,RUGOJI,41709
KATSINA,"""04",KAFUR,S/KASA,41710
KATSINA,"""04",KAITA,ABDALLAWA,41801
KATSINA,"""04",KAITA,BAAWA,41802
KATSINA,"""04",KAITA,DANKABA,41803
KATSINA,"""04",KAITA,DANKAMA,41804
KATSINA,"""04",KAITA,GAFIYA,41805
KATSINA,"""04",KAITA,GIRKA,41806
KATSINA,"""04",KAITA,KAITA,41807
KATSINA,"""04",KAITA,MATSAI,41808
KATSINA,"""04",KAITA,YANDAKI,41809
KATSINA,"""04",KAITA,YANHOHO,41810
KATSINA,"""04",KANKARA,BURDUGAU,41901
KATSINA,"""04",KANKARA,DAN MURABU,41902
KATSINA,"""04",KANKARA,GUNDAWA,41903
KATSINA,"""04",KANKARA,GURBI,41904
KATSINA,"""04",KANKARA,KANKARA,41905
KATSINA,"""04",KANKARA,KETARE,41906
KATSINA,"""04",KANKARA,KUKASHEKA,41907
KATSINA,"""04",KANKARA,MABAI,41908
KATSINA,"""04",KANKARA,YARGOJE,41909
KATSINA,"""04",KANKARA,YARTSAMIYA,41910
KATSINA,"""04",KANKARA,ZANGO,41911
KATSINA,"""04",KANKIA,FAKUWA/K/DANGI,42001
KATSINA,"""04",KANKIA,GACHI,42002
KATSINA,"""04",KANKIA,GALADIMA A,42003
KATSINA,"""04",KANKIA,GALADIMA B,42004
KATSINA,"""04",KANKIA,KAFINSOLI,42005
KATSINA,"""04",KANKIA,KUNDURU/GYAZA,42006
KATSINA,"""04",KANKIA,RIMAYE,42007
KATSINA,"""04",KANKIA,SUKUNTUNI,42008
KATSINA,"""04",KANKIA,TAFASHIYA/NASARAWA,42009
KATSINA,"""04",KANKIA,TSA/MAGAM,42010
KATSINA,"""04",KATSINA,AREWA 1,42101
KATSINA,"""04",KATSINA,AREWA 2,42102
KATSINA,"""04",KATSINA,GABAS 1,42103
KATSINA,"""04",KATSINA,GABAS 2,42104
KATSINA,"""04",KATSINA,GABAS 3,42105
KATSINA,"""04",KATSINA,KUDU 1,42106
KATSINA,"""04",KATSINA,KUDU 2,42107
KATSINA,"""04",KATSINA,KUDU 3,42108
KATSINA,"""04",KATSINA,SHINKAFI 1 ,42109
KATSINA,"""04",KATSINA,SHINKAFI 2,42110
KATSINA,"""04",KATSINA,YAMMA 1,42111
KATSINA,"""04",KATSINA,YAMMA 2,42112
KATSINA,"""04",KURFI,BARKIYA,42201
KATSINA,"""04",KURFI,BIRCHI,42202
KATSINA,"""04",KURFI,KURFI 'A',42204
KATSINA,"""04",KURFI,KURFI 'B',42203
KATSINA,"""04",KURFI,RAWAYAU 'A',42205
KATSINA,"""04",KURFI,RAWAYAU B          ,42206
KATSINA,"""04",KURFI,TSAURI A,42207
KATSINA,"""04",KURFI,TSAURI 'B',42208
KATSINA,"""04",KURFI,WURMA  A,42209
KATSINA,"""04",KURFI,WURMA 'B',42210
KATSINA,"""04",KUSADA,BAURANYA,42301
KATSINA,"""04",KUSADA,BOKO,42302
KATSINA,"""04",KUSADA,DUDUNI,42303
KATSINA,"""04",KUSADA,KAFARDA,42304
KATSINA,"""04",KUSADA,KAIKAI,42305
KATSINA,"""04",KUSADA,KOFA,42306
KATSINA,"""04",KUSADA,KUSADA,42307
KATSINA,"""04",KUSADA,MAWASHI,42308
KATSINA,"""04",KUSADA,YASHE A,42309
KATSINA,"""04",KUSADA,YASHE B,42310
KATSINA,"""04",MAI'ADUA,BUMBUM A,42401
KATSINA,"""04",MAI'ADUA,BUMBUM B,42402
KATSINA,"""04",MAI'ADUA,DANYASHE ,42403
KATSINA,"""04",MAI'ADUA,KOZA,42404
KATSINA,"""04",MAI'ADUA,MAI'ADUA A,42405
KATSINA,"""04",MAI'ADUA,MAI'ADUA B,42406
KATSINA,"""04",MAI'ADUA,MAI'ADUA C,42407
KATSINA,"""04",MAI'ADUA,MAIKONI A,42408
KATSINA,"""04",MAI'ADUA,MAIKONI B,42409
KATSINA,"""04",MAI'ADUA,NATSALLE ,42410
KATSINA,"""04",MALUMFASHI,BORINDAWA ,42501
KATSINA,"""04",MALUMFASHI,DANSARAI ,42502
KATSINA,"""04",MALUMFASHI,DAYI ,42503
KATSINA,"""04",MALUMFASHI,GORA DAN SAKA,42504
KATSINA,"""04",MALUMFASHI,KARFI ,42505
KATSINA,"""04",MALUMFASHI,MAKAURACHI,42506
KATSINA,"""04",MALUMFASHI,MALUMFASHI A,42507
KATSINA,"""04",MALUMFASHI,MALUMFASHI B,42508
KATSINA,"""04",MALUMFASHI,NA_ALMA,42509
KATSINA,"""04",MALUMFASHI,RUWAN SANYI,42510
KATSINA,"""04",MALUMFASHI,YABA,42511
KATSINA,"""04",MALUMFASHI,YARMAMA,42512
KATSINA,"""04",MANI,BAGIWA,42601
KATSINA,"""04",MANI,BUJAWA/GEWAYAU,42602
KATSINA,"""04",MANI,DUWAN/MAKAU,42603
KATSINA,"""04",MANI,HAMCHETA,42604
KATSINA,"""04",MANI,JANI,42605
KATSINA,"""04",MANI,KWATTA,42606
KATSINA,"""04",MANI,MACHIKA,42607
KATSINA,"""04",MANI,MAGAMI,42608
KATSINA,"""04",MANI,MANI,42609
KATSINA,"""04",MANI,MUDURU,42610
KATSINA,"""04",MANI,T/TAKUSHEYI,42611
KATSINA,"""04",MASHI,BAMLE,42701
KATSINA,"""04",MASHI,DOGURU A,42702
KATSINA,"""04",MASHI,DOGURU B,42703
KATSINA,"""04",MASHI,GALLU,42704
KATSINA,"""04",MASHI,GANA JIGAWA,42705
KATSINA,"""04",MASHI,KARAU,42706
KATSINA,"""04",MASHI,MAJIGIRI,42707
KATSINA,"""04",MASHI,MASHI,42708
KATSINA,"""04",MASHI,SONKAYA,42709
KATSINA,"""04",MASHI,TAMILO A,42710
KATSINA,"""04",MASHI,TAMILO B,42711
KATSINA,"""04",MATAZU,DISSI,42801
KATSINA,"""04",MATAZU,GWARJO,42802
KATSINA,"""04",MATAZU,KARADUWA,42803
KATSINA,"""04",MATAZU,KOGARI,42804
KATSINA,"""04",MATAZU,MATAZU 'A,42805
KATSINA,"""04",MATAZU,MATAZU 'B,42806
KATSINA,"""04",MATAZU,MAZOJI 'A',42807
KATSINA,"""04",MATAZU,MAZOJI 'B',42808
KATSINA,"""04",MATAZU,RINJIN IDI,42809
KATSINA,"""04",MATAZU,SAYAYA,42810
KATSINA,"""04",MUSAWA,DANGANI ,42901
KATSINA,"""04",MUSAWA,Danjanku,42902
KATSINA,"""04",MUSAWA,GARU,42903
KATSINA,"""04",MUSAWA,GINGIN,42904
KATSINA,"""04",MUSAWA,JIKAMSHI,42905
KATSINA,"""04",MUSAWA,KIRA,42906
KATSINA,"""04",MUSAWA,KURKUJAN A,42907
KATSINA,"""04",MUSAWA,KURKUJAN B,42908
KATSINA,"""04",MUSAWA,MUSAWA,42909
KATSINA,"""04",MUSAWA,TABANNI,42910
KATSINA,"""04",MUSAWA,TUGE ,42911
KATSINA,"""04",RIMI,ABUKUR,43001
KATSINA,"""04",RIMI,FARDAMI,43002
KATSINA,"""04",RIMI,IYATAWA,43003
KATSINA,"""04",RIMI,KADANDANI,43004
KATSINA,"""04",RIMI,MAGABO/KURABO,43005
KATSINA,"""04",RIMI,MAJE/KARARE,43006
KATSINA,"""04",RIMI,MAKURDA,43007
KATSINA,"""04",RIMI,RIMI,43008
KATSINA,"""04",RIMI,S/GARI,43009
KATSINA,"""04",RIMI,TSAGERO,43010
KATSINA,"""04",SABUWA,D/ MUAZU,43101
KATSINA,"""04",SABUWA,DAMARI,43102
KATSINA,"""04",SABUWA,GAMJI ,43103
KATSINA,"""04",SABUWA,GAZARI,43104
KATSINA,"""04",SABUWA,MACHIKA,43105
KATSINA,"""04",SABUWA,MAIBAKKO,43106
KATSINA,"""04",SABUWA,RAFIN IWA,43107
KATSINA,"""04",SABUWA,SABUWA A,43108
KATSINA,"""04",SABUWA,SABUWA B,43109
KATSINA,"""04",SABUWA,SAYAU,43110
KATSINA,"""04",SAFANA,BABBAN DUHU  A,43201
KATSINA,"""04",SAFANA,BABBAN DUHU  B,43202
KATSINA,"""04",SAFANA,BAURE A,43203
KATSINA,"""04",SAFANA,BAURE B,43204
KATSINA,"""04",SAFANA,RUNKA  A,43205
KATSINA,"""04",SAFANA,RUNKA  B,43206
KATSINA,"""04",SAFANA,SAFANA,43207
KATSINA,"""04",SAFANA,TSASKIYA ,43208
KATSINA,"""04",SAFANA,ZAKKA A,43209
KATSINA,"""04",SAFANA,ZAKKA B,43210
KATSINA,"""04",SANDAMU,DANEJI A,43301
KATSINA,"""04",SANDAMU,DANEJI B,43302
KATSINA,"""04",SANDAMU,FAGO A,43303
KATSINA,"""04",SANDAMU,FAGO B,43304
KATSINA,"""04",SANDAMU,KAGARE,43305
KATSINA,"""04",SANDAMU,KARKARKU,43306
KATSINA,"""04",SANDAMU,KATSAYAL,43307
KATSINA,"""04",SANDAMU,KWASARAWA,43308
KATSINA,"""04",SANDAMU,RADE A,43309
KATSINA,"""04",SANDAMU,RADE B,43310
KATSINA,"""04",SANDAMU,SANDAMU,43311
KATSINA,"""04",ZANGO,DARGAJE,43401
KATSINA,"""04",ZANGO,GARNI ,43402
KATSINA,"""04",ZANGO,GWAMBA ,43403
KATSINA,"""04",ZANGO,K/KUDI,43404
KATSINA,"""04",ZANGO,K/MALAMAI,43405
KATSINA,"""04",ZANGO,KANDE,43406
KATSINA,"""04",ZANGO,ROGOGO,43407
KATSINA,"""04",ZANGO,SARA,43408
KATSINA,"""04",ZANGO,YARDAJE,43409
KATSINA,"""04",ZANGO,ZANGO,43410
KEBBI,"""05",ALIERO,D/GALADIMA I,50101
KEBBI,"""05",ALIERO,D/GALADIMA II,50102
KEBBI,"""05",ALIERO,DANWARAI,50103
KEBBI,"""05",ALIERO,J/BIRNI,50104
KEBBI,"""05",ALIERO,J/MAKERA,50105
KEBBI,"""05",ALIERO,K/ZAMA,50106
KEBBI,"""05",ALIERO,RAFIN BUNA,50107
KEBBI,"""05",ALIERO,S/FADA II,50108
KEBBI,"""05",ALIERO,S/FADA1,50109
KEBBI,"""05",ALIERO,SABIYEL,50110
KEBBI,"""05",AREWA,BACHAKA,50201
KEBBI,"""05",AREWA,BUI,50202
KEBBI,"""05",AREWA,CHIBUKE,50203
KEBBI,"""05",AREWA,FALDE,50204
KEBBI,"""05",AREWA,FESKE JAFFEJI,50205
KEBBI,"""05",AREWA,G/DIKKO,50206
KEBBI,"""05",AREWA,GUMUDAI/R/TSAKA,50207
KEBBI,"""05",AREWA,KANGIWA,50208
KEBBI,"""05",AREWA,LEMA/JANTULLU,50209
KEBBI,"""05",AREWA,SARKA,50210
KEBBI,"""05",AREWA,YELDU,50211
KEBBI,"""05",ARGUNDU,ALWASA,50301
KEBBI,"""05",ARGUNDU,DIKKO,50302
KEBBI,"""05",ARGUNDU,FELENDE,50303
KEBBI,"""05",ARGUNDU,GALADIMA,50304
KEBBI,"""05",ARGUNDU,GULMA,50305
KEBBI,"""05",ARGUNDU,GWAZANGE,50306
KEBBI,"""05",ARGUNDU,K/NORTH,50307
KEBBI,"""05",ARGUNDU,K/SOUTH,50308
KEBBI,"""05",ARGUNDU,LAILABA,50309
KEBBI,"""05",ARGUNDU,SAUWA,50310
KEBBI,"""05",ARGUNDU,ZAZZAGAWA,50311
KEBBI,"""05",AUGIE,AUGIE NORTH,50401
KEBBI,"""05",AUGIE,B/TUDU/GUDALE,50402
KEBBI,"""05",AUGIE,BAGAYE / MERA,50403
KEBBI,"""05",AUGIE,BAYAWA NORTH,50404
KEBBI,"""05",AUGIE,BAYAWA SOUTH,50405
KEBBI,"""05",AUGIE,BUBUCHE,50406
KEBBI,"""05",AUGIE,KWAIDO,50407
KEBBI,"""05",AUGIE,SOUTH AUGIE,50408
KEBBI,"""05",AUGIE,TIGGI,50409
KEBBI,"""05",AUGIE,YOLA,50410
KEBBI,"""05",BAGUDO,BAGUDO TUGA,50501
KEBBI,"""05",BAGUDO,BAHINDI/KHALIEL,50502
KEBBI,"""05",BAGUDO,BANI TSAMIYA,50503
KEBBI,"""05",BAGUDO,ILLO/S/GARI,50504
KEBBI,"""05",BAGUDO,KA'OJE/GWAMBA,50505
KEBBI,"""05",BAGUDO,KENDE/KURGU,50506
KEBBI,"""05",BAGUDO,LAFAGU/GANTE,50507
KEBBI,"""05",BAGUDO,LOLO/GIRIS,50508
KEBBI,"""05",BAGUDO,MATSINKAI GEZA,50509
KEBBI,"""05",BAGUDO,SHARABI/KWAIGUWAI,50510
KEBBI,"""05",BAGUDO,ZAGGA/KWASARA,50511
KEBBI,"""05",BIRNIN KEBBI,AMBURSA,50601
KEBBI,"""05",BIRNIN KEBBI,DANGALADIMA,50602
KEBBI,"""05",BIRNIN KEBBI,G/GAJI,50603
KEBBI,"""05",BIRNIN KEBBI,GAWASU / DEMANA,50604
KEBBI,"""05",BIRNIN KEBBI,GULUMBE,50605
KEBBI,"""05",BIRNIN KEBBI,KARDI,50606
KEBBI,"""05",BIRNIN KEBBI,KOLA / TARASA,50607
KEBBI,"""05",BIRNIN KEBBI,LAGGA,50608
KEBBI,"""05",BIRNIN KEBBI,MAKERA,50609
KEBBI,"""05",BIRNIN KEBBI,MARAFA,50610
KEBBI,"""05",BIRNIN KEBBI,MAURIDA,50611
KEBBI,"""05",BIRNIN KEBBI,NASS I,50612
KEBBI,"""05",BIRNIN KEBBI,NASSARAWA II,50613
KEBBI,"""05",BIRNIN KEBBI,UJARIYO,50614
KEBBI,"""05",BIRNIN KEBBI,ZAURO,50615
KEBBI,"""05",BUNZA,BUNZA MARAFA,50701
KEBBI,"""05",BUNZA,D/GALADIMA,50702
KEBBI,"""05",BUNZA,GWADE,50703
KEBBI,"""05",BUNZA,MAIDAHINI,50704
KEBBI,"""05",BUNZA,RAHA,50705
KEBBI,"""05",BUNZA,S/BIRNI,50706
KEBBI,"""05",BUNZA,SALWAI,50707
KEBBI,"""05",BUNZA,TILLI,50708
KEBBI,"""05",BUNZA,TUNGA,50709
KEBBI,"""05",BUNZA,Z/GIRMA,50710
KEBBI,"""05",DANDI,BANI ZUMBU,50801
KEBBI,"""05",DANDI,BUMA,50802
KEBBI,"""05",DANDI,DOLE - KAINA,50803
KEBBI,"""05",DANDI,FANA,50804
KEBBI,"""05",DANDI,GEZA,50805
KEBBI,"""05",DANDI,KAMBA-KAMBA,50806
KEBBI,"""05",DANDI,KWAKWABA,50807
KEBBI,"""05",DANDI,KYANGAKWAI,50808
KEBBI,"""05",DANDI,MAIGWAZA,50809
KEBBI,"""05",DANDI,MAIHAUSAWA,50810
KEBBI,"""05",DANDI,SHIKO,50811
KEBBI,"""05",FAKAI,B/TUDU,50901
KEBBI,"""05",FAKAI,BAJIDA,50902
KEBBI,"""05",FAKAI,BANGU,50903
KEBBI,"""05",FAKAI,FAKAI/KUKAH,50904
KEBBI,"""05",FAKAI,GULBIN KUKAH,50905
KEBBI,"""05",FAKAI,KANGI,50906
KEBBI,"""05",FAKAI,MAHUTA,50907
KEBBI,"""05",FAKAI,MAIKENDE,50908
KEBBI,"""05",FAKAI,MARAFA,50909
KEBBI,"""05",FAKAI,PENI PENI,50910
KEBBI,"""05",GWANDU,CHEBERU,51001
KEBBI,"""05",GWANDU,DALIJAN,51002
KEBBI,"""05",GWANDU,DODORU,51003
KEBBI,"""05",GWANDU,GULMARE,51004
KEBBI,"""05",GWANDU,GWANDU MARAFA,51005
KEBBI,"""05",GWANDU,GWANDU/D/GALADIMA,51006
KEBBI,"""05",GWANDU,KAMBAZA,51007
KEBBI,"""05",GWANDU,MALISA,51008
KEBBI,"""05",GWANDU,MARUDA,51009
KEBBI,"""05",GWANDU,MASAMA,51010
KEBBI,"""05",JEGA,ALELU,51101
KEBBI,"""05",JEGA,DANGAMAJI,51102
KEBBI,"""05",JEGA,DUMBEGU,51103
KEBBI,"""05",JEGA,FIRCHIN,51104
KEBBI,"""05",JEGA,GINDI/KYARMI,51105
KEBBI,"""05",JEGA,JANDUTSI,51106
KEBBI,"""05",JEGA,KATANGA,51107
KEBBI,"""05",JEGA,KIMBA,51108
KEBBI,"""05",JEGA,KOKANI,51109
KEBBI,"""05",JEGA,MAGAJI A,51110
KEBBI,"""05",JEGA,MAGAJI B,51111
KEBBI,"""05",KALGO,DANGOMA,51201
KEBBI,"""05",KALGO,DIGGI,51202
KEBBI,"""05",KALGO,ETENE,51203
KEBBI,"""05",KALGO,HIRISHI,51204
KEBBI,"""05",KALGO,KALGO,51205
KEBBI,"""05",KALGO,KUKAH,51206
KEBBI,"""05",KALGO,MUTUBARI / BAWA,51207
KEBBI,"""05",KALGO,NAYELWA,51208
KEBBI,"""05",KALGO,W/GAURI,51209
KEBBI,"""05",KALGO,ZUGURU,51210
KEBBI,"""05",KOKO BESSE,BESSE,51301
KEBBI,"""05",KOKO BESSE,DADA/ALELU,51302
KEBBI,"""05",KOKO BESSE,DUTSIN MARI,51303
KEBBI,"""05",KOKO BESSE,FIRCIN,51304
KEBBI,"""05",KOKO BESSE,HIRINI/MADACCI,51305
KEBBI,"""05",KOKO BESSE,ILLELA SABON GARI,51306
KEBBI,"""05",KOKO BESSE,JADADI,51307
KEBBI,"""05",KOKO BESSE,K/DAMABA,51308
KEBBI,"""05",KOKO BESSE,LANI/SHIBA,51309
KEBBI,"""05",KOKO BESSE,MAGAJI,51310
KEBBI,"""05",KOKO BESSE,TAKWARE,51311
KEBBI,"""05",KOKO BESSE,ZARIA/AMIRU,51312
KEBBI,"""05",MAIYAMA,ANDARAI,51401
KEBBI,"""05",MAIYAMA,GIDIGA,51402
KEBBI,"""05",MAIYAMA,GIWATAZO,51403
KEBBI,"""05",MAIYAMA,GUMBINE KURE,51404
KEBBI,"""05",MAIYAMA,KARAYE,51405
KEBBI,"""05",MAIYAMA,KAWARA,51406
KEBBI,"""05",MAIYAMA,LIBA,51407
KEBBI,"""05",MAIYAMA,MAIYAMA,51408
KEBBI,"""05",MAIYAMA,MUNGADI,51409
KEBBI,"""05",MAIYAMA,S/DOSA,51410
KEBBI,"""05",MAIYAMA,S/MAYALO,51411
KEBBI,"""05",NGASKI,B/YAURI,51501
KEBBI,"""05",NGASKI,GAFARA,51502
KEBBI,"""05",NGASKI,GARIN BAKA,51503
KEBBI,"""05",NGASKI,KAMBUWA,51504
KEBBI,"""05",NGASKI,KWAKWARAN,51505
KEBBI,"""05",NGASKI,LIBATA,51506
KEBBI,"""05",NGASKI,MAKAWA,51507
KEBBI,"""05",NGASKI,NGASKI,51508
KEBBI,"""05",NGASKI,UTONO,51509
KEBBI,"""05",NGASKI,WARA,51510
KEBBI,"""05",SAKABA,ADAI,51601
KEBBI,"""05",SAKABA,DANKOLO,51602
KEBBI,"""05",SAKABA,DOKA BERE,51603
KEBBI,"""05",SAKABA,FADA,51604
KEBBI,"""05",SAKABA,GELWASA,51605
KEBBI,"""05",SAKABA,JANBIRNI,51606
KEBBI,"""05",SAKABA,MAKUKU,51607
KEBBI,"""05",SAKABA,MAZAMAZA,51608
KEBBI,"""05",SAKABA,SAKABA,51609
KEBBI,"""05",SAKABA,TUDUN KUKAH,51610
KEBBI,"""05",SHANGA,ATUWO,51701
KEBBI,"""05",SHANGA,D/TSOHO,51702
KEBBI,"""05",SHANGA,GEBBE,51703
KEBBI,"""05",SHANGA,KAWARA,51704
KEBBI,"""05",SHANGA,RAFIN KIRYA,51705
KEBBI,"""05",SHANGA,SAKACE,51706
KEBBI,"""05",SHANGA,SAWASHI,51707
KEBBI,"""05",SHANGA,SHANGA,51708
KEBBI,"""05",SHANGA,TAKWARE,51709
KEBBI,"""05",SHANGA,YARBESSE,51710
KEBBI,"""05",SURU,ALJANNARE,51801
KEBBI,"""05",SURU,BAKUWAI,51802
KEBBI,"""05",SURU,BANDAN,51803
KEBBI,"""05",SURU,BARBAREJO,51804
KEBBI,"""05",SURU,DAKIN-GARI,51805
KEBBI,"""05",SURU,DANDANE,51806
KEBBI,"""05",SURU,GINGA,51807
KEBBI,"""05",SURU,GIRO,51808
KEBBI,"""05",SURU,KWAIFA,51809
KEBBI,"""05",SURU,SHEMA DANIYA,51810
KEBBI,"""05",SURU,SURU,51811
KEBBI,"""05",WASAGU DANKO,AYU,51901
KEBBI,"""05",WASAGU DANKO,BENA,51902
KEBBI,"""05",WASAGU DANKO,DAN UMARU,51903
KEBBI,"""05",WASAGU DANKO,DANKO / MAGA,51904
KEBBI,"""05",WASAGU DANKO,GAFI/KELE,51905
KEBBI,"""05",WASAGU DANKO,KANYA,51906
KEBBI,"""05",WASAGU DANKO,KYABU / KANDU,51907
KEBBI,"""05",WASAGU DANKO,RIBAH / MACHIKA,51908
KEBBI,"""05",WASAGU DANKO,WAJE,51909
KEBBI,"""05",WASAGU DANKO,WASAGU,51910
KEBBI,"""05",WASAGU DANKO,YALMO SHINDI WARI,51911
KEBBI,"""05",YAURI,CHULU GUMBI,52001
KEBBI,"""05",YAURI,GUNGUN SARKI,52002
KEBBI,"""05",YAURI,JIJIMA,52003
KEBBI,"""05",YAURI,TONDI,52004
KEBBI,"""05",YAURI,Y/CENTRAL,52005
KEBBI,"""05",YAURI,Y/EAST,52006
KEBBI,"""05",YAURI,Y/NORTH,52007
KEBBI,"""05",YAURI,Y/SOUTH,52008
KEBBI,"""05",YAURI,Y/WEST,52009
KEBBI,"""05",YAURI,ZAMARE,52010
KEBBI,"""05",ZURU,BEDI,52101
KEBBI,"""05",ZURU,CHIROMAN DABAI,52102
KEBBI,"""05",ZURU,D/SEME RUMU,52103
KEBBI,"""05",ZURU,ISGOGO / DAGO,52104
KEBBI,"""05",ZURU,MANGA USHE,52105
KEBBI,"""05",ZURU,R/ZURU,52106
KEBBI,"""05",ZURU,RIKOTO,52107
KEBBI,"""05",ZURU,SENCHI,52108
KEBBI,"""05",ZURU,TADURGA,52109
KEBBI,"""05",ZURU,ZODI,52110
SOKOTO,"""06",BINJI,BADAU / DARHELA,60110
SOKOTO,"""06",BINJI,BINJI,60101
SOKOTO,"""06",BINJI,BUNKARI,60102
SOKOTO,"""06",BINJI,GAWAZAI,60103
SOKOTO,"""06",BINJI,INNAME,60104
SOKOTO,"""06",BINJI,JAMALI,60105
SOKOTO,"""06",BINJI,MAIKULKI,60106
SOKOTO,"""06",BINJI,SAMAMA,60107
SOKOTO,"""06",BINJI,SORON GABAS,60108
SOKOTO,"""06",BINJI,SORON YAMMA,60109
SOKOTO,"""06",BODINGA,BAGARAWA,60201
SOKOTO,"""06",BODINGA,BANGI / DABAGA,60202
SOKOTO,"""06",BODINGA,BODINGA TAUMA,60203
SOKOTO,"""06",BODINGA,DANCHADI,60204
SOKOTO,"""06",BODINGA,DINGYADI,60205
SOKOTO,"""06",BODINGA,K/MIYO,60206
SOKOTO,"""06",BODINGA,KWACCIYAR LALLE,60207
SOKOTO,"""06",BODINGA,SIFAWA/LUKUYAWA,60208
SOKOTO,"""06",BODINGA,TAKATUKU/MADORAWA,60209
SOKOTO,"""06",BODINGA,TUDUN KOSE,60210
SOKOTO,"""06",BODINGA,TULLUWA,60211
SOKOTO,"""06",DANGE / SHUNI,BODAL,60301
SOKOTO,"""06",DANGE / SHUNI,DANGE,60302
SOKOTO,"""06",DANGE / SHUNI,Faialdn  Word ,60303
SOKOTO,"""06",DANGE / SHUNI,"Gajara  Ge, Ere ",60304
SOKOTO,"""06",DANGE / SHUNI,R/GIDADO ,60307
SOKOTO,"""06",DANGE / SHUNI,RIKINA,60305
SOKOTO,"""06",DANGE / SHUNI,RUDU  AMAN AWA  ,60306
SOKOTO,"""06",DANGE / SHUNI,SHUNI ,60308
SOKOTO,"""06",DANGE / SHUNI,TSAFANADE ,60309
SOKOTO,"""06",DANGE / SHUNI,TUNTURE  ASEFE ,60310
SOKOTO,"""06",DANGE / SHUNI,WABABE / SALAU ,60311
SOKOTO,"""06",GADA,DUKAMAJE,60401
SOKOTO,"""06",GADA,GADA,60402
SOKOTO,"""06",GADA,GILBADI,60403
SOKOTO,"""06",GADA,KADADI,60404
SOKOTO,"""06",GADA,KADASSAKA,60410
SOKOTO,"""06",GADA,KADDI,60408
SOKOTO,"""06",GADA,KAFFE,60405
SOKOTO,"""06",GADA,KIRI,60411
SOKOTO,"""06",GADA,KWARMA,60409
SOKOTO,"""06",GADA,KYADAWA/HOLAI,60406
SOKOTO,"""06",GADA,TSITSE,60407
SOKOTO,"""06",GORONYO,BIRJINGO,60501
SOKOTO,"""06",GORONYO,BOYEKAI,60502
SOKOTO,"""06",GORONYO,GIYAWA,60503
SOKOTO,"""06",GORONYO,GORONYO,60504
SOKOTO,"""06",GORONYO,KAGARA,60505
SOKOTO,"""06",GORONYO,KOJIYO,60506
SOKOTO,"""06",GORONYO,KWAKWAZO,60507
SOKOTO,"""06",GORONYO,RIMAWA,60508
SOKOTO,"""06",GORONYO,S/G DOLE,60509
SOKOTO,"""06",GORONYO,SHINAKA,60510
SOKOTO,"""06",GORONYO,TAKAKUME,60511
SOKOTO,"""06",GUDU,AWILKITI,60601
SOKOTO,"""06",GUDU,BACHAKA,60602
SOKOTO,"""06",GUDU,BALLE,60603
SOKOTO,"""06",GUDU,CHILAS,60604
SOKOTO,"""06",GUDU,GWAZANGE,60605
SOKOTO,"""06",GUDU,KARFE CHANA,60606
SOKOTO,"""06",GUDU,KARFE SARKI,60607
SOKOTO,"""06",GUDU,KURDULA,60608
SOKOTO,"""06",GUDU,MARAKE,60609
SOKOTO,"""06",GUDU,TULLUN DOYA,60610
SOKOTO,"""06",GWADABAWA,        GIGANE,60705
SOKOTO,"""06",GWADABAWA,ASARA,60701
SOKOTO,"""06",GWADABAWA,ATAKWANYO,60702
SOKOTO,"""06",GWADABAWA,CHIMOLA,60703
SOKOTO,"""06",GWADABAWA,GIDAN KAYA,60704
SOKOTO,"""06",GWADABAWA,GWADABAWA,60706
SOKOTO,"""06",GWADABAWA,HUCHI,60707
SOKOTO,"""06",GWADABAWA,MAMMAN SUKA,60711
SOKOTO,"""06",GWADABAWA,MAMMANDE,60708
SOKOTO,"""06",GWADABAWA,SALAME,60709
SOKOTO,"""06",GWADABAWA,TAMBAGARKA,60710
SOKOTO,"""06",ILLELA,ARABA,60801
SOKOTO,"""06",ILLELA,DAMBA,60802
SOKOTO,"""06",ILLELA,Darna Sabon Gari?,60803
SOKOTO,"""06",ILLELA,GARU,60804
SOKOTO,"""06",ILLELA,GIDAN HAMMA?,60805
SOKOTO,"""06",ILLELA,GIDAN KATTA,60806
SOKOTO,"""06",ILLELA,ILLELA,60807
SOKOTO,"""06",ILLELA,KALMALO,60808
SOKOTO,"""06",ILLELA,RUNGUMAWA GATTI,60809
SOKOTO,"""06",ILLELA,TOZAI,60810
SOKOTO,"""06",ISA,BARGAJA,60903
SOKOTO,"""06",ISA,GEBE A,60901
SOKOTO,"""06",ISA,GEBE B,60902
SOKOTO,"""06",ISA,ISA NORTH,60905
SOKOTO,"""06",ISA,ISA SOUTH,60904
SOKOTO,"""06",ISA,TIDIBALI,60910
SOKOTO,"""06",ISA,TOZAI,60908
SOKOTO,"""06",ISA,TSABRE,60906
SOKOTO,"""06",ISA,TURBA,60907
SOKOTO,"""06",ISA,YANFAKO,60909
SOKOTO,"""06",KEBBE,FAKKU,61001
SOKOTO,"""06",KEBBE,GIRKAU,61002
SOKOTO,"""06",KEBBE,KEBBE EAST,61003
SOKOTO,"""06",KEBBE,KEBBE WAST,61004
SOKOTO,"""06",KEBBE,KUCHI,61005
SOKOTO,"""06",KEBBE,MARGAI EAST,61006
SOKOTO,"""06",KEBBE,MARGAI WEST,61007
SOKOTO,"""06",KEBBE,NASAGUDU?,61008
SOKOTO,"""06",KEBBE,SANGI,61009
SOKOTO,"""06",KEBBE,UNGUSHI,61010
SOKOTO,"""06",KWARE,BANKANU,61101
SOKOTO,"""06",KWARE,BASANSA,61102
SOKOTO,"""06",KWARE,DURBAWA,61103
SOKOTO,"""06",KWARE,GANDU,61104
SOKOTO,"""06",KWARE,HAMMAALI,61105
SOKOTO,"""06",KWARE,KABANGA,61106
SOKOTO,"""06",KWARE,KWARE,61107
SOKOTO,"""06",KWARE,MORE,61108
SOKOTO,"""06",KWARE,SABON BIRNI,61109
SOKOTO,"""06",KWARE,TSAKI WALAKHE,61110
SOKOTO,"""06",KWARE,TUNGA/MALLAMAWA,61111
SOKOTO,"""06",RABAH,GANDI    II,61202
SOKOTO,"""06",RABAH,GANDI   I,61201
SOKOTO,"""06",RABAH,GODDODI,61203
SOKOTO,"""06",RABAH,KURYA,61204
SOKOTO,"""06",RABAH,MAIKUJERA,61205
SOKOTO,"""06",RABAH,RABAH,61206
SOKOTO,"""06",RABAH,RARAH,61207
SOKOTO,"""06",RABAH,TOFA,61208
SOKOTO,"""06",RABAH,TSAMIYA,61210
SOKOTO,"""06",RABAH,TURSA,61209
SOKOTO,"""06",RABAH,YAR_TSAKUWA,61211
SOKOTO,"""06",SABON BIRNI,GANGARA ,61301
SOKOTO,"""06",SABON BIRNI,GATAWA,61302
SOKOTO,"""06",SABON BIRNI,KALGO,61303
SOKOTO,"""06",SABON BIRNI,KURAWA,61304
SOKOTO,"""06",SABON BIRNI,LAJINGE,61305
SOKOTO,"""06",SABON BIRNI,MAKUWANA ,61306
SOKOTO,"""06",SABON BIRNI,TAKATSABA,61308
SOKOTO,"""06",SABON BIRNI,TARAH,61309
SOKOTO,"""06",SABON BIRNI,TSAMAYE,61310
SOKOTO,"""06",SABON BIRNI,UMAR MUSA,61307
SOKOTO,"""06",SABON BIRNI,UNGUWAR LALLE,61311
SOKOTO,"""06",SHAGARI,DANDIN-MAHE ,61401
SOKOTO,"""06",SHAGARI,GANGAN,61402
SOKOTO,"""06",SHAGARI,HORO?,61404
SOKOTO,"""06",SHAGARI,JAREDI?,61403
SOKOTO,"""06",SHAGARI,KAJIJI,61405
SOKOTO,"""06",SHAGARI,KAMBAMA,61406
SOKOTO,"""06",SHAGARI,LAMBARA,61407
SOKOTO,"""06",SHAGARI,MANDERA,61408
SOKOTO,"""06",SHAGARI,SANYINNAWAL,61409
SOKOTO,"""06",SHAGARI,SHAGARI,61410
SOKOTO,"""06",SILAME,GANDE,61501
SOKOTO,"""06",SILAME,GAUKAI,61508
SOKOTO,"""06",SILAME,JEKANADU,61509
SOKOTO,"""06",SILAME,KATAMI NORTH,61502
SOKOTO,"""06",SILAME,KATAMI SOUTH,61507
SOKOTO,"""06",SILAME,KUBODU,61510
SOKOTO,"""06",SILAME,LABANI,61503
SOKOTO,"""06",SILAME,MAJE,61506
SOKOTO,"""06",SILAME,MARAFA,61504
SOKOTO,"""06",SILAME,SILAME,61505
SOKOTO,"""06",SOKOTO NORTH,MAGAJIN GARI A,61605
SOKOTO,"""06",SOKOTO NORTH,MAGAJIN GARI B,61606
SOKOTO,"""06",SOKOTO NORTH,MAGAJIN RAFI A,61607
SOKOTO,"""06",SOKOTO NORTH,MAGAJIN RAFI B,61608
SOKOTO,"""06",SOKOTO NORTH,S ADAR GANDU,61601
SOKOTO,"""06",SOKOTO NORTH,S ADAR GIDAN IGWAI,61602
SOKOTO,"""06",SOKOTO NORTH,SARKIN MUSULMI A,61603
SOKOTO,"""06",SOKOTO NORTH,SARKINMUSULMI B,61604
SOKOTO,"""06",SOKOTO NORTH,WAZIRI A,61609
SOKOTO,"""06",SOKOTO NORTH,WAZIRI B,61610
SOKOTO,"""06",SOKOTO NORTH,WAZIRI C,61611
SOKOTO,"""06",SOKOTO SOUTH,GAGI  A,61701
SOKOTO,"""06",SOKOTO SOUTH,GAGI B,61702
SOKOTO,"""06",SOKOTO SOUTH,GAGI C,61703
SOKOTO,"""06",SOKOTO SOUTH,RIJIA A,61704
SOKOTO,"""06",SOKOTO SOUTH,RIJIA B,61705
SOKOTO,"""06",SOKOTO SOUTH,S ADDAR B ,61707
SOKOTO,"""06",SOKOTO SOUTH,S/ADAR A,61706
SOKOTO,"""06",SOKOTO SOUTH,SARKIN ZAMFARA A,61708
SOKOTO,"""06",SOKOTO SOUTH,SARKIN ZAMFARA B,61709
SOKOTO,"""06",SOKOTO SOUTH,TUDUN WADA A,61710
SOKOTO,"""06",SOKOTO SOUTH,TUDUN WADA B,61711
SOKOTO,"""06",TAMBUWAL,BAGIDA,61801
SOKOTO,"""06",TAMBUWAL,BARKEJI /NABAGUDA,61802
SOKOTO,"""06",TAMBUWAL,BASHIRE/MAIKADA,61803
SOKOTO,"""06",TAMBUWAL,D/DAJI/SALAH,61804
SOKOTO,"""06",TAMBUWAL,FAGA/ALASAN,61805
SOKOTO,"""06",TAMBUWAL,JABO/KAGARA,61806
SOKOTO,"""06",TAMBUWAL,ROMO SARKI,61807
SOKOTO,"""06",TAMBUWAL,SABON BIRNI,61808
SOKOTO,"""06",TAMBUWAL,SAIDAL/ GOSHE,61809
SOKOTO,"""06",TAMBUWAL,SANYINNA,61810
SOKOTO,"""06",TAMBUWAL,TAMBUWAL,61811
SOKOTO,"""06",TANGAZA,GIDAN MADI,61901
SOKOTO,"""06",TANGAZA,KALANJENI,61902
SOKOTO,"""06",TANGAZA,KWACCE HURU,61903
SOKOTO,"""06",TANGAZA,MAGONHO,61904
SOKOTO,"""06",TANGAZA,RAKA,61905
SOKOTO,"""06",TANGAZA,RUWA WURI,61906
SOKOTO,"""06",TANGAZA,SAKKWAI,61907
SOKOTO,"""06",TANGAZA,SALEWA,61908
SOKOTO,"""06",TANGAZA,SUTTI,61909
SOKOTO,"""06",TANGAZA,TANGAZA,61910
SOKOTO,"""06",TANGAZA,WAZIRI C,61911
SOKOTO,"""06",TURETA,DAN GULBI,62001
SOKOTO,"""06",TURETA,DUMA,62002
SOKOTO,"""06",TURETA,FURAGIKE,62003
SOKOTO,"""06",TURETA,GIDAN KARE,62004
SOKOTO,"""06",TURETA,KURUWA,62005
SOKOTO,"""06",TURETA,KWARARE,62006
SOKOTO,"""06",TURETA,LAMBA TURETA,62007
SOKOTO,"""06",TURETA,LOFA,62008
SOKOTO,"""06",TURETA,TSAMIYA,62009
SOKOTO,"""06",TURETA,TURETA,62010
SOKOTO,"""06",WAMAKKO,ARKILLA,62101
SOKOTO,"""06",WAMAKKO,BADO,62102
SOKOTO,"""06",WAMAKKO,DUNDAYE,62103
SOKOTO,"""06",WAMAKKO,GIDAN BUBU,62104
SOKOTO,"""06",WAMAKKO,GIDAN HAMIDU,62105
SOKOTO,"""06",WAMAKKO,GUMBI,62106
SOKOTO,"""06",WAMAKKO,GWAMATSE,62107
SOKOTO,"""06",WAMAKKO,KALAMBAINA,62108
SOKOTO,"""06",WAMAKKO,KAMMATA,62109
SOKOTO,"""06",WAMAKKO,KAURA,62110
SOKOTO,"""06",WAMAKKO,WAMAKKO,62111
SOKOTO,"""06",WURNO,ACHIDA,62201
SOKOTO,"""06",WURNO,ALKANMU,62202
SOKOTO,"""06",WURNO,CHACO/MARNONA,62203
SOKOTO,"""06",WURNO,DIMBISO,62204
SOKOTO,"""06",WURNO,DINAWA,62205
SOKOTO,"""06",WURNO,KWARGABA,62206
SOKOTO,"""06",WURNO,KWASARE,62207
SOKOTO,"""06",WURNO,LAHODU,62208
SOKOTO,"""06",WURNO,MAGARYA,62209
SOKOTO,"""06",WURNO,MARAFA,62210
SOKOTO,"""06",WURNO,TUNGA,62211
SOKOTO,"""06",YABO,BAKALE,62301
SOKOTO,"""06",YABO,BINGAJE,62302
SOKOTO,"""06",YABO,BINJI,62303
SOKOTO,"""06",YABO,BIRNIRUWA,62304
SOKOTO,"""06",YABO,FAKKA,62305
SOKOTO,"""06",YABO,KILGORI,62306
SOKOTO,"""06",YABO,RUGGAR IYA,62307
SOKOTO,"""06",YABO,TORANKAWA,62308
SOKOTO,"""06",YABO,YABO 'A',62309
SOKOTO,"""06",YABO,YABO 'B',62310
YOBE,"""07",BADE,DAGONA,70101
YOBE,"""07",BADE,GWIO-KURA,70102
YOBE,"""07",BADE,KATUZU,70103
YOBE,"""07",BADE,LAWAN AUDU/LAWAN AL - WALI,70104
YOBE,"""07",BADE,LAWAN FANNAMI,70105
YOBE,"""07",BADE,LAWAN FANNAMI,70107
YOBE,"""07",BADE,LAWAN MUSA,70108
YOBE,"""07",BADE,SARKIN HAUSAWA,70109
YOBE,"""07",BADE,TAGALI/SUGUM,70106
YOBE,"""07",BADE,TAGALI/SUGUM,70110
YOBE,"""07",BADE,USUR/DAWAYO,70111
YOBE,"""07",BADE,ZANGON MUSA/ZANGO UMARU,70112
YOBE,"""07",BURSARI,BAYAMARI,70209
YOBE,"""07",BURSARI,DAMNAWA/JULURI,70210
YOBE,"""07",BURSARI,DANANI,70211
YOBE,"""07",BURSARI,DAPCHI,70205
YOBE,"""07",BURSARI,GARUN DOLE / GARIN ALKALI,70206
YOBE,"""07",BURSARI,GUBA,70207
YOBE,"""07",BURSARI,GUJI / METALARI,70201
YOBE,"""07",BURSARI,GUJI / METALARI,70208
YOBE,"""07",BURSARI,KALIYARI,70202
YOBE,"""07",BURSARI,KURNAWA,70203
YOBE,"""07",BURSARI,MASABA,70204
YOBE,"""07",DAMATURU,BINDIGARI/FAWARI,70301
YOBE,"""07",DAMATURU,BINDIGARI/FAWARI,70311
YOBE,"""07",DAMATURU,DAMAKASU,70302
YOBE,"""07",DAMATURU,DAMATURU CENTRAL,70303
YOBE,"""07",DAMATURU,GABIR/MADURI,70304
YOBE,"""07",DAMATURU,KALALLAWA/GABAI,70305
YOBE,"""07",DAMATURU,MAISANDARI/WAZIRI IBRAHIM ESTATE,70306
YOBE,"""07",DAMATURU,MAISANDARI/WAZIRI IBRAHIM ESTATE,70312
YOBE,"""07",DAMATURU,MURFA KALAM,70307
YOBE,"""07",DAMATURU,NAYINAWA,70308
YOBE,"""07",DAMATURU,NJIWAJI/GWANGE,70309
YOBE,"""07",DAMATURU,SASAWA/KABARU,70310
YOBE,"""07",FIKA,DAYA/CHANA,70401
YOBE,"""07",FIKA,FIKA/ANZE,70402
YOBE,"""07",FIKA,GADAKA/SHEMBIRE,70403
YOBE,"""07",FIKA,GUDI / DOZI / GODO WOLI,70404
YOBE,"""07",FIKA,JANGA / BOZA / FA. SAWA / T. NANAI,70405
YOBE,"""07",FIKA,MUBI / FUSAMI / GARIN WAYO,70406
YOBE,"""07",FIKA,NGALDA/DUMBULWA,70407
YOBE,"""07",FIKA,SHOYE/GARIN ABA,70408
YOBE,"""07",FIKA,TURMI / MALURI,70409
YOBE,"""07",FIKA,ZANGAYA/MAZAWAUN,70410
YOBE,"""07",FUNE,ABAKIRE / NGENLSHENGELE / SHAMKA,70505
YOBE,"""07",FUNE,ALAGARNO,70506
YOBE,"""07",FUNE,BORNO KIJI/NGARHO/BEBBENDE,70501
YOBE,"""07",FUNE,BORNO KIJI/NGARHO/BEBBENDE,70507
YOBE,"""07",FUNE,DAMAGUM TOWN,70502
YOBE,"""07",FUNE,DAURA/BULANYIWA/DUBBUL/BAUWA,70503
YOBE,"""07",FUNE,DOGON KUKA/GISHIWARI/GUNUNU,70504
YOBE,"""07",FUNE,DOGON KUKA/GISHIWARI/GUNUNU,70508
YOBE,"""07",FUNE,FUNE/NGELZARMA/MILBIYAR/LAWAN KALAM,70509
YOBE,"""07",FUNE,GABA TASHA/AIGADA/DUMBULWA,70510
YOBE,"""07",FUNE,GUDUGURKA/MARMAR  I,70511
YOBE,"""07",FUNE,JAJERE/BANELLEWA/BABBARE,70512
YOBE,"""07",FUNE,KAYERI,70513
YOBE,"""07",FUNE,KOLLERE/KAFAJE,70514
YOBE,"""07",FUNE,MASHIO,70515
YOBE,"""07",GEIDAM,ASHEIKRI,70603
YOBE,"""07",GEIDAM,BALLE/GALLABA/MELERI,70604
YOBE,"""07",GEIDAM,DAMAKARWA/KUSUR,70605
YOBE,"""07",GEIDAM,DEJINA/FUKURTI,70606
YOBE,"""07",GEIDAM,FUTCHIMIRAM,70607
YOBE,"""07",GEIDAM,FUTCHIMIRAM,70612
YOBE,"""07",GEIDAM,GUMSA,70608
YOBE,"""07",GEIDAM,KAWURI,70609
YOBE,"""07",GEIDAM,MA'ANNA/DAGAMBI,70610
YOBE,"""07",GEIDAM,SHAME KURA / DILAWA,70601
YOBE,"""07",GEIDAM,SHAME KURA / DILAWA,70611
YOBE,"""07",GEIDAM,ZURGU NGILEWA / BORKO,70602
YOBE,"""07",GUJBA,BUNIGARI/LAWANTI,70701
YOBE,"""07",GUJBA,BUNIYADI NORTH / SOUTH,70702
YOBE,"""07",GUJBA,DADINGEL,70703
YOBE,"""07",GUJBA,GONIRI,70704
YOBE,"""07",GUJBA,GOTALA/GOTUMBA,70705
YOBE,"""07",GUJBA,GUJBA,70706
YOBE,"""07",GUJBA,GUJBA,70708
YOBE,"""07",GUJBA,MALLAM DUNARI,70709
YOBE,"""07",GUJBA,MUTAI,70710
YOBE,"""07",GUJBA,NGURBUWA,70711
YOBE,"""07",GUJBA,WAGIR,70707
YOBE,"""07",GUJBA,WAGIR,70712
YOBE,"""07",GULANI,BARA,70801
YOBE,"""07",GULANI,BORNO KIJI/TETTEBA,70802
YOBE,"""07",GULANI,BULARAFA,70803
YOBE,"""07",GULANI,BUMSA,70804
YOBE,"""07",GULANI,DOKSHI,70805
YOBE,"""07",GULANI,GABAI,70806
YOBE,"""07",GULANI,GAGURE,70807
YOBE,"""07",GULANI,GARIN TUWO,70808
YOBE,"""07",GULANI,GULANI,70809
YOBE,"""07",GULANI,KUSHIMAGA,70810
YOBE,"""07",GULANI,NJIBULWA,70811
YOBE,"""07",GULANI,RUHU,70812
YOBE,"""07",JAKUSKO,BUDUWA / SAMINAKA,70901
YOBE,"""07",JAKUSKO,DUMBARI,70902
YOBE,"""07",JAKUSKO,GIDGID / BAYAM,70903
YOBE,"""07",JAKUSKO,GORGORAM,70904
YOBE,"""07",JAKUSKO,JABA,70905
YOBE,"""07",JAKUSKO,JAKUSKO,70910
YOBE,"""07",JAKUSKO,JAWUR/KATAMMA,70906
YOBE,"""07",JAKUSKO,LAFIYA LOI-LOI,70907
YOBE,"""07",JAKUSKO,MUGURAM,70908
YOBE,"""07",JAKUSKO,ZABUDUM / DACHIA,70909
YOBE,"""07",KARASAWA,BUKARTI,71001
YOBE,"""07",KARASAWA,FAJIGANARI,71002
YOBE,"""07",KARASAWA,GARIN GAWO,71004
YOBE,"""07",KARASAWA,GASMA,71005
YOBE,"""07",KARASAWA,JAJI  MAJI,71006
YOBE,"""07",KARASAWA,KARASUWA GALU,71007
YOBE,"""07",KARASAWA,KARAUSWA GARU GUNA,71008
YOBE,"""07",KARASAWA,WACHAKAL,71009
YOBE,"""07",KARASAWA,WARO,71010
YOBE,"""07",KARASAWA,YAJIRI,71003
YOBE,"""07",KARASAWA,YAJIRI,71011
YOBE,"""07",MACHINA,BOGO,71104
YOBE,"""07",MACHINA,DAMAI,71105
YOBE,"""07",MACHINA,DAMAI,71112
YOBE,"""07",MACHINA,DOLE,71106
YOBE,"""07",MACHINA,FALIMARAM,71107
YOBE,"""07",MACHINA,KOM-KOMMA,71108
YOBE,"""07",MACHINA,KUKA-YASKU,71109
YOBE,"""07",MACHINA,LAMISU,71110
YOBE,"""07",MACHINA,MACHINA-KWARI,71101
YOBE,"""07",MACHINA,MACHINA-KWARI,71111
YOBE,"""07",MACHINA,MASKANDARE,71102
YOBE,"""07",MACHINA,TAGANAMA,71103
YOBE,"""07",NANGERE,CHILARIYE,71201
YOBE,"""07",NANGERE,DADISO / CHUKURIWA,71202
YOBE,"""07",NANGERE,DAWASA/G.BABA,71203
YOBE,"""07",NANGERE,DAWASA/G.BABA,71207
YOBE,"""07",NANGERE,DAZIGAU,71208
YOBE,"""07",NANGERE,DEGUBI,71209
YOBE,"""07",NANGERE,KUKURI/CHIROMARI,71210
YOBE,"""07",NANGERE,LANGAWA / DARIN,71211
YOBE,"""07",NANGERE,NANGERE,71204
YOBE,"""07",NANGERE,NANGERE,71212
YOBE,"""07",NANGERE,PAKARAU KARE-KARE/ PAKARAU FULANI,71205
YOBE,"""07",NANGERE,PAKARAU KARE-KARE/ PAKARAU FULANI,71213
YOBE,"""07",NANGERE,PAKARAU KARE-KARE/ PAKARAU FULANI,71216
YOBE,"""07",NANGERE,TIKAU,71206
YOBE,"""07",NANGERE,TIKAU,71214
YOBE,"""07",NANGERE,WATINANI,71215
YOBE,"""07",NGURU,BULABULIN,71302
YOBE,"""07",NGURU,BULANGUWA,71303
YOBE,"""07",NGURU,BULANGUWA,71305
YOBE,"""07",NGURU,BULANGUWA,71307
YOBE,"""07",NGURU,DABULE,71308
YOBE,"""07",NGURU,DUMSAI/DOGON-KUKA,71309
YOBE,"""07",NGURU,GARBI/BAMBORI,71310
YOBE,"""07",NGURU,HAUSARI,71304
YOBE,"""07",NGURU,HAUSARI,71306
YOBE,"""07",NGURU,HAUSARI,71311
YOBE,"""07",NGURU,KANURI,71312
YOBE,"""07",NGURU,MAJA-KURA,71313
YOBE,"""07",NGURU,MIRBA-KABIR/MIRBA SAGIR,71314
YOBE,"""07",NGURU,NGLAIWA,71301
YOBE,"""07",NGURU,NGLAIWA,71315
YOBE,"""07",POTISKUM,BARE-BARE/BAUYA/LALAI DUMBULWA,71405
YOBE,"""07",POTISKUM,BOLEWA 'A',71406
YOBE,"""07",POTISKUM,BOLEWA 'B',71407
YOBE,"""07",POTISKUM,DANCHUWA/BULA,71408
YOBE,"""07",POTISKUM,DOGO NINI,71409
YOBE,"""07",POTISKUM,DOGO TEBO,71401
YOBE,"""07",POTISKUM,DOGO TEBO,71410
YOBE,"""07",POTISKUM,HAUSAWA / MALAM SALEH,71402
YOBE,"""07",POTISKUM,MAMUDO,71403
YOBE,"""07",POTISKUM,NGOJIN/ALARABA,71404
YOBE,"""07",POTISKUM,NGOJIN/ALARABA,71411
YOBE,"""07",POTISKUM,YERIMARAM/GARIN DAYE/BADEJO/NAHUTA,71412
YOBE,"""07",TARMUWA,BABANGIDA,71501
YOBE,"""07",TARMUWA,BARKAMI / BULTURI,71502
YOBE,"""07",TARMUWA,BIRIRI/CHUROKUSKO,71503
YOBE,"""07",TARMUWA,JUMBAM,71504
YOBE,"""07",TARMUWA,KOKA/SUNGUL,71505
YOBE,"""07",TARMUWA,KORIYEL,71506
YOBE,"""07",TARMUWA,LANTAIWA,71507
YOBE,"""07",TARMUWA,MAFA,71508
YOBE,"""07",TARMUWA,MANDADAWA,71509
YOBE,"""07",TARMUWA,SHEKAU,71510
YOBE,"""07",YUNUSARI,BULTUWA/MAR/YARO,71601
YOBE,"""07",YUNUSARI,DARATOSHIA,71602
YOBE,"""07",YUNUSARI,DEGALTURA/NGAMZAI,71603
YOBE,"""07",YUNUSARI,DEKWA,71604
YOBE,"""07",YUNUSARI,DILALA/KALGI,71605
YOBE,"""07",YUNUSARI,MAIRARI,71606
YOBE,"""07",YUNUSARI,MOZOGUN/KUJARI,71607
YOBE,"""07",YUNUSARI,NGIRABO,71608
YOBE,"""07",YUNUSARI,NGIRABO,71611
YOBE,"""07",YUNUSARI,WADI/KAFIYA,71609
YOBE,"""07",YUNUSARI,ZAJIBIRI / DUMBAL,71610
YOBE,"""07",YUSUFARI,ALANJIRORI,71702
YOBE,"""07",YUSUFARI,GUMSHI,71703
YOBE,"""07",YUSUFARI,GUYA,71704
YOBE,"""07",YUSUFARI,JEBUWA,71705
YOBE,"""07",YUSUFARI,KAJIMARAM/SUMBAR,71706
YOBE,"""07",YUSUFARI,KASKA/TULOTULOWA,71707
YOBE,"""07",YUSUFARI,KUMAGANNAM,71708
YOBE,"""07",YUSUFARI,MAI-MALARI,71709
YOBE,"""07",YUSUFARI,MAYORI,71710
YOBE,"""07",YUSUFARI,YUSUFARI,71701
YOBE,"""07",YUSUFARI,YUSUFARI,71711
ZAMFARA,"""08", GUMMI,BARDOKI,80601
ZAMFARA,"""08", GUMMI,BIRNIN MAGAJI,80602
ZAMFARA,"""08", GUMMI,BIRNIN TUDU,80603
ZAMFARA,"""08", GUMMI,FALALE,80604
ZAMFARA,"""08", GUMMI,GAMO,80605
ZAMFARA,"""08", GUMMI,GAYARI,80606
ZAMFARA,"""08", GUMMI,GYALGANYE,80607
ZAMFARA,"""08", GUMMI,KURFA,80608
ZAMFARA,"""08", GUMMI,MAGAJI,80609
ZAMFARA,"""08", GUMMI,RAFI,80610
ZAMFARA,"""08", GUMMI,UBAN DAWAKI,80611
ZAMFARA,"""08",ANKA, BARAYAR ZAKI,80101
ZAMFARA,"""08",ANKA,BAGEGA,80102
ZAMFARA,"""08",ANKA,DAN GALADIMA,80103
ZAMFARA,"""08",ANKA,GALADIMA,80104
ZAMFARA,"""08",ANKA,MAGAJI,80105
ZAMFARA,"""08",ANKA,MATSERI,80106
ZAMFARA,"""08",ANKA,SABON BIRNI,80107
ZAMFARA,"""08",ANKA,WARAMU,80108
ZAMFARA,"""08",ANKA,WUYA,80109
ZAMFARA,"""08",ANKA,YARSABAYA,80110
ZAMFARA,"""08",BAKURA , BAKURA,80201
ZAMFARA,"""08",BAKURA , DAN KADU,80202
ZAMFARA,"""08",BAKURA , YARGEDA,80203
ZAMFARA,"""08",BAKURA ,BIRNIN TUDU WARD,80204
ZAMFARA,"""08",BAKURA ,DAKKO WARD,80205
ZAMFARA,"""08",BAKURA ,DAMRI WARD,80206
ZAMFARA,"""08",BAKURA ,DANMANAU,80207
ZAMFARA,"""08",BAKURA ,NASARAWA,80208
ZAMFARA,"""08",BAKURA ,RINI,80209
ZAMFARA,"""08",BAKURA ,YANKOFOJI,80210
ZAMFARA,"""08",BIRNIN MAGAJI, KIYANA/N/MALAMI,80301
ZAMFARA,"""08",BIRNIN MAGAJI,Birnin magaji,80302
ZAMFARA,"""08",BIRNIN MAGAJI,DANFANI SABON BIRNI,80303
ZAMFARA,"""08",BIRNIN MAGAJI,GODEL WEST,80304
ZAMFARA,"""08",BIRNIN MAGAJI,gora,80305
ZAMFARA,"""08",BIRNIN MAGAJI,Gusami gari,80306
ZAMFARA,"""08",BIRNIN MAGAJI,GUSAMI HAYI,80307
ZAMFARA,"""08",BIRNIN MAGAJI,MADOMAWA EAST,80308
ZAMFARA,"""08",BIRNIN MAGAJI,MADOMAWA WEST,80309
ZAMFARA,"""08",BIRNIN MAGAJI,N/GODEL EAST,80310
ZAMFARA,"""08",BUKKUYUM,ADABKA,80401
ZAMFARA,"""08",BUKKUYUM,BUKKUYUM,80402
ZAMFARA,"""08",BUKKUYUM,GWASHI,80403
ZAMFARA,"""08",BUKKUYUM,KYARAM,80404
ZAMFARA,"""08",BUKKUYUM,MASAMA,80405
ZAMFARA,"""08",BUKKUYUM,NASARAWA,80406
ZAMFARA,"""08",BUKKUYUM,RUWAN JEMA,80407
ZAMFARA,"""08",BUKKUYUM,YASHI,80408
ZAMFARA,"""08",BUKKUYUM,ZARUMMAI,80409
ZAMFARA,"""08",BUKKUYUM,ZAUMA,80410
ZAMFARA,"""08",BUNGUDU,BELA/RAWAIYA,80501
ZAMFARA,"""08",BUNGUDU,BINGI NORTH,80502
ZAMFARA,"""08",BUNGUDU,BINGI SOUTH,80503
ZAMFARA,"""08",BUNGUDU,BUNGUDU,80504
ZAMFARA,"""08",BUNGUDU,FURFURI/KWAIKWAI,80505
ZAMFARA,"""08",BUNGUDU,GADA/KARAKAI,80506
ZAMFARA,"""08",BUNGUDU,KOTORKOSHI,80507
ZAMFARA,"""08",BUNGUDU,NAHUCHE ,80508
ZAMFARA,"""08",BUNGUDU,SAMAWA,80509
ZAMFARA,"""08",BUNGUDU,SANKALAWA,80510
ZAMFARA,"""08",BUNGUDU,TOFA,80511
ZAMFARA,"""08",GUSAU,GALADINMA,80701
ZAMFARA,"""08",GUSAU,MADA,80702
ZAMFARA,"""08",GUSAU,MADAWAKI,80703
ZAMFARA,"""08",GUSAU,MAGAMI,80704
ZAMFARA,"""08",GUSAU,MAYANA,80705
ZAMFARA,"""08",GUSAU,RIJIYA,80706
ZAMFARA,"""08",GUSAU,RUWAN BORE,80707
ZAMFARA,"""08",GUSAU,SABON GARI,80708
ZAMFARA,"""08",GUSAU,TUNDUN WADA,80709
ZAMFARA,"""08",GUSAU,WANKE,80710
ZAMFARA,"""08",GUSAU,WONAKA,80711
ZAMFARA,"""08",KAURA NAMODA,Banga,80801
ZAMFARA,"""08",KAURA NAMODA,Dan' Isa,80802
ZAMFARA,"""08",KAURA NAMODA,Gabake,80803
ZAMFARA,"""08",KAURA NAMODA,Galadima Dan Galadima,80804
ZAMFARA,"""08",KAURA NAMODA,Kagara,80805
ZAMFARA,"""08",KAURA NAMODA,KAGURKI,80806
ZAMFARA,"""08",KAURA NAMODA,Kurya,80807
ZAMFARA,"""08",KAURA NAMODA,Kyambarawa,80808
ZAMFARA,"""08",KAURA NAMODA,Sakajiki,80809
ZAMFARA,"""08",KAURA NAMODA,Sarkin Mafara,80810
ZAMFARA,"""08",KAURA NAMODA,Yankaba,80811
ZAMFARA,"""08",MARADUN,DAMAGA GAMAGIWA,80901
ZAMFARA,"""08",MARADUN,DOSARA BIRNIN KAYA,80902
ZAMFARA,"""08",MARADUN,FARU MAGAMI,80903
ZAMFARA,"""08",MARADUN,GIDAN GOGA,80904
ZAMFARA,"""08",MARADUN,GORAR NAMAYE,80905
ZAMFARA,"""08",MARADUN,JANBAKO,80906
ZAMFARA,"""08",MARADUN,KAYA,80907
ZAMFARA,"""08",MARADUN,MARADUN NORTH,80908
ZAMFARA,"""08",MARADUN,MARADUN SOUTH,80909
ZAMFARA,"""08",MARADUN,TSIBIRI,80910
ZAMFARA,"""08",MARU,BINDIN,81001
ZAMFARA,"""08",MARU,BINGI,81002
ZAMFARA,"""08",MARU,DANGULBI,81003
ZAMFARA,"""08",MARU,DANKURMI,81004
ZAMFARA,"""08",MARU,DANSADAU,81005
ZAMFARA,"""08",MARU,KANOMA,81006
ZAMFARA,"""08",MARU,KUYANBANA,81007
ZAMFARA,"""08",MARU,MARU,81008
ZAMFARA,"""08",MARU,MAYANCHI,81009
ZAMFARA,"""08",MARU,R/ DORIMA,81010
ZAMFARA,"""08",SHINKAFI, GALADI,81101
ZAMFARA,"""08",SHINKAFI, JANGERU,81102
ZAMFARA,"""08",SHINKAFI,BADARAWA,81103
ZAMFARA,"""08",SHINKAFI,BIRNIN YERO,81104
ZAMFARA,"""08",SHINKAFI,KATURU,81105
ZAMFARA,"""08",SHINKAFI,KURYA,81106
ZAMFARA,"""08",SHINKAFI,KWARE,81107
ZAMFARA,"""08",SHINKAFI,SHANAWA,81108
ZAMFARA,"""08",SHINKAFI,SKF NORTH,81109
ZAMFARA,"""08",SHINKAFI,SKF SOUTH,81110
ZAMFARA,"""08",TALATA MAFARA,GALADIMA,81201
ZAMFARA,"""08",TALATA MAFARA,GARBADU,81202
ZAMFARA,"""08",TALATA MAFARA,Gwaram,81203
ZAMFARA,"""08",TALATA MAFARA,JANGEBE,81204
ZAMFARA,"""08",TALATA MAFARA,KAGARA,81205
ZAMFARA,"""08",TALATA MAFARA,KAYAYE,81206
ZAMFARA,"""08",TALATA MAFARA,MAKERA TAKE TSABA,81207
ZAMFARA,"""08",TALATA MAFARA,MORAI,81208
ZAMFARA,"""08",TALATA MAFARA,RUWAN BORE,81209
ZAMFARA,"""08",TALATA MAFARA,RUWAN GIZO,81210
ZAMFARA,"""08",TALATA MAFARA,SAUNA RUWAN GORA,81211
ZAMFARA,"""08",TSAFE,BILBIS,81301
ZAMFARA,"""08",TSAFE,CHEDIYA,81302
ZAMFARA,"""08",TSAFE,DAN JIBGA,81303
ZAMFARA,"""08",TSAFE,DAUKI,81304
ZAMFARA,"""08",TSAFE,KETA,81305
ZAMFARA,"""08",TSAFE,KWAREN GANUWA,81306
ZAMFARA,"""08",TSAFE,TSAFE CENTRAL,81307
ZAMFARA,"""08",TSAFE,YAN DOTON DAJI,81308
ZAMFARA,"""08",TSAFE,YAN KUZO A,81309
ZAMFARA,"""08",TSAFE,YAN KUZO B,81310
ZAMFARA,"""08",TSAFE,YAN WARE,81311
ZAMFARA,"""08",ZURMI, DOLE,81401
ZAMFARA,"""08",ZURMI,BOKO,81402
ZAMFARA,"""08",ZURMI,DAURAN/BIRNIN TSABA,81403
ZAMFARA,"""08",ZURMI,KANWA,81404
ZAMFARA,"""08",ZURMI,KWASHABAWA,81405
ZAMFARA,"""08",ZURMI,MASHEMA,81406
ZAMFARA,"""08",ZURMI,MAYASA/KUTURU,81407
ZAMFARA,"""08",ZURMI,MORIKI,81408
ZAMFARA,"""08",ZURMI,RUKUDAWA,81409
ZAMFARA,"""08",ZURMI,YANBUKI,81410
ZAMFARA,"""08",ZURMI,ZURMI,81411
